Draft Year,Player,Position,Body Fat %,Hand Length (Inches),Hand Width (Inches),Height W/O Shoes,Height W/ Shoes,Standing Reach,Weight (Pounds),Wingspan,Lane Agility Time (Seconds),Shuttle Run (Seconds),Three Quarter Spring (Seconds),Standing Vertical Leap (Inches),Max Vertical Leap (Inches),Max Bench Press (Repetitions)
2010,Solomon Alabi,C,5.00%,9.25,9.25,6' 11.5'',7' 0.75'',9' 5'',237.4,7' 5'',13.2,-,3.68,22.5,26,10
2010,Cole Aldrich,C,8.50%,9,9.25,6' 9'',6' 11.25'',9' 3.5'',236,7' 4.75'',11.48,-,3.35,23,28,10
2010,Al-Farouq Aminu,SF,8.20%,9.5,9.5,6' 7.25'',6' 8.5'',9' 0.5'',216,7' 3.25'',11.29,-,3.3,27,33.5,13
2010,James Anderson,SF,7.90%,8.5,7.25,6' 4.75'',6' 5.75'',8' 8'',207.6,6' 8.5'',11.86,-,3.19,30,35.5,14
2010,Luke Babbitt,SF-PF,5.60%,8.5,10,6' 7.5'',6' 8.75'',8' 8.5'',217.8,6' 11.25'',10.98,-,3.4,29.5,37.5,15
2010,Eric Bledsoe,PG,5.60%,8.5,9.75,6' 0.25'',6' 1.5'',8' 2'',191.6,6' 7.5'',-,-,-,-,-,9
2010,Trevor Booker,PF,7.30%,9,9.5,6' 6.25'',6' 7.5'',8' 10'',235.8,6' 9.75'',11.15,-,3.1,31,36,22
2010,Craig Brackins,PF-SF,7.90%,9.5,11.25,6' 8.5'',6' 9.75'',9' 1'',229,7' 0'',11.65,-,3.39,26,35,6
2010,Avery Bradley,SG-PG,4.00%,8.25,9.5,6' 2'',6' 3.25'',8' 2.5'',180.4,6' 7.25'',11.47,-,3.14,31.5,37.5,2
2010,Derrick Caracter,PF,12.80%,9,10.25,6' 8.25'',6' 9.5'',8' 11.5'',280,7' 0.25'',12.78,-,3.61,25,30.5,22
2010,Sherron Collins,PG,9.20%,8.5,9.5,5' 10.25'',5' 11.75'',7' 10'',217.2,6' 2.5'',12.31,-,3.24,27.5,33,-
2010,DeMarcus Cousins,C,16.40%,9.25,10,6' 9.5'',6' 10.75'',9' 5'',291.8,7' 5.75'',11.4,-,3.55,23.5,27.5,-
2010,Jordan Crawford,SG,4.90%,8,9,6' 3'',6' 4.5'',8' 5'',198.4,6' 7'',11.03,-,3.37,31.5,34.5,7
2010,Ed Davis,PF,10.00%,9.25,10,6' 9'',6' 9.75'',9' 0'',226.6,7' 0'',11.7,-,3.21,31,36,-
2010,Devin Ebanks,SF,7.90%,8.25,9,6' 7'',6' 8.25'',8' 11.5'',207.8,7' 0.25'',11.69,-,3.44,23.5,32,6
2010,Derrick Favors,PF,6.50%,8.75,9.25,6' 8.75'',6' 10.25'',9' 2'',245.2,7' 4'',11.74,-,3.25,31.5,35.5,14
2010,Keith Gallon,PF-C,15.10%,9.25,10.5,6' 8.5'',6' 9.5'',9' 1.5'',301.8,7' 4.5'',13.44,-,3.7,23.5,28.5,14
2010,Charles Garcia,SF,7.00%,8.75,9,6' 8.25'',6' 9.25'',8' 11.5'',231.6,7' 1.75'',11.65,-,3.23,24.5,30.5,2
2010,Paul George,SF,5.00%,8.5,9,6' 7.75'',6' 8.75'',8' 11'',214.4,6' 11.25'',-,-,-,-,-,4
2010,Luke Harangody,PF,11.10%,8.75,9.75,6' 6'',6' 7.75'',8' 10'',240.2,6' 9.5'',11.83,-,3.41,24,28.5,23
2010,Manny Harris,SG,3.80%,8.5,9,6' 4'',6' 5.5'',8' 6'',185.1,6' 7.25'',-,-,-,-,-,11
2010,Lazar Hayward,SG-SF,7.50%,9.25,9.5,6' 4.5'',6' 5.75'',8' 6'',225.8,7' 0.75'',10.87,-,3.31,31,36,15
2010,Gordon Hayward,SF,6.90%,8.5,9.25,6' 6.75'',6' 8'',8' 7'',211,6' 7.75'',11.73,-,3.22,30.5,34.5,10
2010,Xavier Henry,SG,4.70%,8.75,10,6' 5.25'',6' 6.5'',8' 9'',210.2,6' 11.25'',11.1,-,3.18,28.5,36.5,8
2010,Darington Hobson,SG-SF,6.20%,8.25,9,6' 5.25'',6' 6.5'',8' 8.5'',203.6,6' 9.25'',11.68,-,3.25,29,34,-
2010,Damion James,SF,9.60%,9.25,8.5,6' 6.25'',6' 7.75'',8' 11'',226.6,7' 0.75'',10.89,-,3.2,29,33,13
2010,Wesley Johnson,SF,4.60%,9,9.5,6' 6.25'',6' 7.25'',8' 10'',206.4,7' 1'',11.43,-,3.14,32,37,16
2010,Armon Johnson,PG-SG,5.60%,8.25,9.25,6' 2'',6' 3.25'',8' 3.5'',195.2,6' 8'',11.25,-,3.19,31.5,38.5,18
2010,Dominique Jones,SG,5.90%,9,10.25,6' 3.25'',6' 5'',8' 5'',216,6' 9.25'',10.88,-,3.31,26,32.5,19
2010,Jerome Jordan,C,6.90%,9,10.25,6' 11.5'',7' 0.75'',9' 5'',244.2,7' 5.25'',-,-,-,-,-,-
2010,Sylven Landesberg,SG,11.60%,8.75,10.75,6' 4.75'',6' 6.25'',8' 4.5'',210,6' 9'',11.59,-,3.36,28,32,8
2010,Gani Lawal,PF,6.30%,8.5,10,6' 7.5'',6' 9'',8' 11.5'',233.4,7' 0'',11.61,-,3.24,27,31.5,20
2010,Greg Monroe,PF-C,11.20%,8.75,9.5,6' 9.75'',6' 11'',9' 0.5'',246.6,7' 2.25'',12.1,-,3.35,25,29,15
2010,Daniel Orton,C,13.80%,8.5,9.75,6' 8.75'',6' 9.5'',9' 2.5'',269.2,7' 4.25'',12.32,-,3.39,24,30.5,13
2010,Artsiom Parakhouski,C,6.00%,9,10.5,6' 10.25'',6' 11.75'',9' 1.5'',268.2,7' 1'',12.07,-,3.33,25.5,26.5,16
2010,Patrick Patterson,PF,5.30%,9.25,10.25,6' 8'',6' 9.25'',8' 11'',239.6,7' 1.25'',11.14,-,3.25,28.5,33.5,17
2010,Dexter Pittman,PF-C,20.80%,10.25,10.5,6' 9.5'',6' 11.5'',9' 3'',302.6,7' 6'',-,-,-,-,-,-
2010,Andy Rautins,SG,6.20%,8,9.75,6' 4.25'',6' 5'',8' 4'',191.6,6' 7'',11.27,-,3.49,23.5,30.5,8
2010,Ryan Richards,PF,8.00%,9,9.75,6' 10.5'',6' 11.75'',9' 2'',230.2,7' 1.5'',11.33,-,3.37,25,28.5,4
2010,Stanley Robinson,SF,8.30%,9,9,6' 6.5'',6' 7.75'',8' 11.5'',213.2,7' 0'',11.65,-,3.23,-,37.5,6
2010,Larry Sanders,PF-C,4.60%,9.75,11,6' 9.25'',6' 10.5'',9' 4'',222.4,7' 5.75'',12.49,-,3.27,25.5,28,7
2010,Jon Scheyer,PG-SG,5.40%,7.75,9.5,6' 4.75'',6' 6'',8' 3'',180,6' 3.25'',-,-,-,-,-,-
2010,Lance Stephenson,SG,9.30%,9,10.25,6' 4.5'',6' 5.75'',8' 7'',227,6' 10.5'',11.39,-,3.38,27,33,10
2010,Mikhail Torrance,PG,7.00%,8.75,9.5,6' 4'',6' 5'',8' 7'',208.8,6' 7.5'',11.43,-,3.17,23,32,8
2010,Evan Turner,SG,8.60%,8.75,9.5,6' 5.75'',6' 7'',8' 7.5'',213.8,6' 8'',11.06,-,3.27,27.5,34.5,9
2010,Ekpe Udoh,PF,8.00%,9.5,8.75,6' 8.75'',6' 9.75'',8' 10.5'',237.4,7' 4.5'',11.15,-,3.29,31,33.5,10
2010,Jarvis Varnado,PF-C,9.50%,9.25,9.5,6' 8.25'',6' 10'',9' 1.5'',210.2,7' 3.5'',11.61,-,3.37,29.5,32.5,3
2010,Greivis Vasquez,PG-SG,8.60%,7.75,9.25,6' 5'',6' 6.5'',8' 5'',210.8,6' 7'',-,-,-,-,-,-
2010,John Wall,PG,5.60%,8.25,9.5,6' 2.75'',6' 4'',8' 5.5'',195.6,6' 9.25'',10.84,-,3.14,30,39,-
2010,Willie Warren,SG-PG,7.60%,8.5,9.5,6' 2.5'',6' 3.75'',8' 3.5'',208.4,6' 6'',11.21,-,3.5,23,31.5,10
2010,Terrico White,SG-PG,3.70%,9,10.5,6' 3.75'',6' 5'',8' 5'',202.6,6' 9'',11.38,-,3.15,31,40,10
2010,Hassan Whiteside,C-PF,5.50%,8.25,10.25,6' 10.5'',6' 11.5'',9' 5'',226.6,7' 7'',11.83,-,3.54,27,31.5,12
2011,Keith Benson,C-PF,6.10%,9.5,11,6' 10'',6' 11'',9' 1.5'',217,7' 3.75'',11.88,-,3.35,31.5,36,12
2011,Marshon Brooks,SG,5.20%,9,10.5,6' 4.25'',6' 5.25'',8' 5'',194.6,7' 1'',10.74,-,3.09,34,38.5,5
2011,Alec Burks,SG,5.10%,9,8.25,6' 5'',6' 6'',8' 7.5'',192.6,6' 10'',10.96,-,3.17,29,36,5
2011,Jimmy Butler,SF,5.40%,9,9,6' 6'',6' 7.75'',8' 5.5'',222.2,6' 7.5'',11.12,-,3.15,32,39,14
2011,Norris Cole,PG,4.70%,8.5,9.5,6' 0.25'',6' 1.75'',7' 11.5'',174.4,6' 2.25'',10.07,-,3.22,29.5,38.5,11
2011,Jon Diebler,SG,8.50%,8.25,8.25,6' 5.25'',6' 6.5'',8' 3'',196.6,6' 6'',10.94,-,3.37,28,35,2
2011,Michael Dunigan,PF-C,8.00%,9,10.75,6' 8.5'',6' 10'',8' 11.5'',237.6,7' 3.25'',11.85,-,3.27,29.5,34.5,10
2011,LaceDarius Dunn,SG,5.50%,9,10.25,6' 3'',6' 4'',8' 5'',187.8,6' 6.25'',11.45,-,3.27,26.5,31,3
2011,Kenneth Faried,PF,6.30%,8.5,10.25,6' 6'',6' 7.5'',9' 0'',224.6,7' 0'',11.35,-,3.26,30.5,35,16
2011,James Fredette,PG,7.70%,8,8.5,6' 0.75'',6' 2.5'',8' 0.5'',196,6' 4.5'',10.42,-,3.21,28,33,14
2011,Andrew Goudelock,PG,9.90%,8.25,9.25,6' 1.25'',6' 2.75'',8' 0.5'',197.6,6' 4.25'',10.33,-,3.1,32.5,37,4
2011,Jordan Hamilton,SF,9.80%,9,9.25,6' 6.75'',6' 8.5'',8' 8'',228.4,6' 9.5'',11.47,-,3.3,25,32,7
2011,Justin Harper,PF-SF,4.00%,9,9.25,6' 8'',6' 8.75'',8' 10'',228,6' 11.75'',11.92,-,3.3,28.5,33,19
2011,Tobias Harris,SF-PF,8.40%,8.75,9,6' 6.5'',6' 7.75'',8' 7.5'',222.8,6' 11'',10.96,-,3.17,31.5,37.5,12
2011,Tyler Honeycutt,SF,5.30%,8.5,9.5,6' 6.75'',6' 8.25'',8' 9'',186.8,6' 9'',11.68,-,3.07,30,37,-
2011,Scotty Hopson,SG,4.80%,8.5,10,6' 5.75'',6' 6.5'',8' 7.5'',204.6,6' 10.5'',10.47,-,3.18,32.5,36,10
2011,Kyrie Irving,PG,10.20%,8.25,9.25,6' 1.75'',6' 3.5'',8' 3'',191,6' 4'',-,-,-,-,-,-
2011,Rick Jackson,PF,8.30%,8.75,9.5,6' 8.25'',6' 9.25'',8' 10.5'',241.8,7' 2'',11.51,-,3.26,28.5,33,9
2011,Charles Jenkins,PG-SG,4.30%,8.5,9,6' 1.5'',6' 3.25'',8' 0.5'',216.4,6' 7.5'',11.68,-,3.18,29.5,34,16
2011,JaJuan Johnson,PF,7.50%,9,10,6' 9'',6' 10'',8' 11.5'',219.8,7' 2'',11.21,-,3.14,33.5,38,15
2011,Cory Joseph,PG,9.70%,8.5,10.5,6' 2'',6' 3.25'',8' 3'',186.2,6' 5.5'',10.75,-,3.27,27.5,35,5
2011,Enes Kanter,PF-C,5.90%,9.5,10.75,6' 9.75'',6' 11.25'',9' 1.5'',259.2,7' 1.5'',11.3,-,3.26,26,32.5,14
2011,Brandon Knight,PG,4.20%,8.25,9.5,6' 1.5'',6' 3.25'',8' 2.5'',176.8,6' 6.75'',10.74,-,3.07,29,37.5,10
2011,Malcolm Lee,SG,5.90%,8.5,9.5,6' 4'',6' 5.5'',8' 5.5'',198.2,6' 9.75'',11.2,-,3.09,30,35.5,17
2011,Kawhi Leonard,SF,5.40%,9.75,11.25,6' 6'',6' 7'',8' 10'',227.4,7' 3'',11.45,-,3.15,25.5,32,3
2011,Travis Leslie,SG,8.10%,8.75,9.25,6' 3'',6' 4.25'',8' 7'',205,6' 10.5'',11,-,3.13,33,40.5,10
2011,Jon Leuer,PF,5.40%,8.75,9.75,6' 10'',6' 11.5'',8' 9.5'',223.2,7' 0'',10.82,-,3.36,29.5,36.5,14
2011,DeAndre Liggins,SF-SG,5.00%,8.75,10,6' 5'',6' 6.25'',8' 7.5'',202.2,6' 11'',-,-,3.33,27,31,6
2011,David Lighty,SG,6.50%,9,10,6' 4.75'',6' 6.5'',8' 5'',216.2,6' 8'',10.81,-,3.25,28.5,33,15
2011,Shelvin Mack,PG,7.10%,8.25,9.25,6' 1'',6' 2.5'',8' 0.5'',209,6' 7.5'',11.23,-,3.18,32,39,17
2011,Demetri McCamey,PG,6.10%,8.5,9,6' 1.75'',6' 3.25'',8' 3.5'',204,6' 6.25'',11.55,-,3.19,27,33,-
2011,E'Twaun Moore,SG,7.60%,9,10,6' 2.5'',6' 4'',8' 3.5'',191.4,6' 9.5'',11.12,-,3.31,32,34.5,-
2011,Marcus Morris,PF-SF,8.00%,8.25,8.5,6' 7'',6' 8.75'',8' 9.5'',229.6,6' 10'',-,-,3.15,29,33,11
2011,Markieff Morris,PF,10.20%,8.5,8.25,6' 7.75'',6' 9.25'',8' 10.5'',240.8,6' 10.75'',-,-,3.4,27,31.5,11
2011,Darius Morris,PG-SG,5.30%,8.75,10,6' 3.25'',6' 5.25'',8' 6'',190,6' 7.5'',11,-,3.2,24.5,32,12
2011,Chandler Parsons,SF,7.00%,8.25,10,6' 8.75'',6' 9.75'',8' 8.5'',221.2,6' 9.5'',11.05,-,3.29,25.5,31.5,4
2011,Jereme Richmond,SF,5.50%,8.75,9.5,6' 6'',6' 7.25'',8' 10.5'',207.2,6' 10.25'',11.74,-,3.02,27,33.5,-
2011,Josh Selby,SG-PG,7.90%,8.5,9,6' 1.75'',6' 3'',8' 2'',194.6,6' 5.25'',11.13,-,3.2,29.5,42,5
2011,Iman Shumpert,PG-SG,6.50%,9,9,6' 4.25'',6' 5.5'',8' 3.5'',221.8,6' 9.5'',11.1,-,3.18,36.5,42,18
2011,Kyle Singler,SF,10.00%,8.25,8.75,6' 7.5'',6' 8.5'',8' 10'',228,6' 10.1'',11.22,-,3.21,23,30,10
2011,Chris Singleton,SF,7.40%,9.25,10,6' 7.75'',6' 9'',8' 7.5'',230.2,7' 1'',11.33,-,3.09,30.5,37.5,15
2011,Jamie Skeen,PF,9.80%,8.5,8.5,6' 6.5'',6' 8'',8' 10.5'',241.6,7' 1.25'',12.43,-,3.46,26,30.5,10
2011,Nolan Smith,PG,5.60%,8.5,9.25,6' 1.5'',6' 3.5'',8' 3'',187.6,6' 5.5'',11.05,-,3.17,28.5,34,9
2011,Gregory Smith,PF-C,7.40%,9.75,12,6' 8'',6' 9.25'',8' 10.5'',252.8,7' 2.5'',12.43,-,3.36,29.5,36,17
2011,Malcolm Thomas,PF,5.90%,9.5,10.5,6' 7.5'',6' 8.75'',8' 11.5'',223,7' 0.5'',11.31,-,3.29,32,36.5,3
2011,Isaiah Thomas,PG,6.70%,8.25,9,5' 8.75'',5' 10.25'',7' 7.5'',186,6' 1.75'',10.49,-,3.14,31.5,40,13
2011,Trey Thompkins,PF,15.50%,9.25,9.75,6' 8.5'',6' 9.75'',8' 11.5'',239,7' 1'',11.72,-,3.41,27.5,30.5,15
2011,Tristan Thompson,PF,6.20%,8.75,9.25,6' 7.5'',6' 8.75'',9' 0.5'',227.4,7' 1.25'',10.92,-,3.26,30,35,9
2011,Klay Thompson,SG,8.00%,8.75,9.25,6' 5.75'',6' 7.25'',8' 7.5'',205.6,6' 9'',10.99,-,3.24,26.5,31.5,5
2011,Jeremy Tyler,PF-C,13.40%,9.25,9,6' 9'',6' 10.5'',9' 2.5'',262.4,7' 5'',11.26,-,3.29,28,33.5,10
2011,Nikola Vucevic,PF-C,6.10%,9.25,10.25,6' 10.25'',6' 11.75'',9' 4.5'',259.8,7' 4.5'',12.02,-,3.27,23.5,25,8
2011,Kemba Walker,PG,5.90%,8,9,5' 11.5'',6' 1'',7' 7.5'',184,6' 3.5'',10.87,-,3.16,32,39.5,7
2011,Jordan Williams,PF,12.10%,9.25,10,6' 7.75'',6' 9'',8' 10.5'',247.2,7' 0.25'',12.74,-,3.45,25,30.5,10
2011,Derrick Williams,PF-SF,10.80%,9,9.75,6' 7.25'',6' 8.75'',9' 0'',248.4,7' 1.5'',11.03,-,3.23,29,34.5,19
2012,Quincy Acy,PF,7.10%,9.5,11,6' 6.5'',6' 7.75'',8' 10.5'',223.8,7' 2.75'',10.48,-,3.28,32,37,13
2012,Harrison Barnes,SF-SG,9.60%,9,8.5,6' 7'',6' 8'',8' 5.5'',227.8,6' 11.25'',10.93,-,3.16,38,39.5,15
2012,Will Barton,SG-SF,4.10%,9,9.5,6' 5'',6' 6'',8' 6.5'',174.4,6' 9.75'',12.5,-,3.6,30,34,-
2012,Bradley Beal,SG,6.00%,8.5,9,6' 3.25'',6' 4.75'',8' 4'',201.8,6' 8'',10.95,-,3.28,33,39,8
2012,J'Covan Brown,PG,12.50%,7.75,8.25,6' 1'',6' 2.25'',8' 0'',202.4,6' 5.25'',11.68,-,3.47,26,29.5,3
2012,William Buford,SG-SF,11.30%,8.75,10,6' 4'',6' 5'',8' 6'',214.6,6' 9.5'',11.4,-,3.43,27.5,32.5,8
2012,Jae Crowder,SF,9.00%,9.5,10.5,6' 4.75'',6' 6.5'',8' 3.5'',241.2,6' 9.25'',11.45,-,3.37,31,34.5,20
2012,Jared Cunningham,SG-PG,3.60%,8.25,9,6' 3.5'',6' 5'',8' 2'',187.6,6' 6.5'',-,-,-,-,-,4
2012,Anthony Davis,PF-C,7.90%,9,8.5,6' 9.25'',6' 10.5'',9' 0'',221.8,7' 5.5'',-,-,-,-,-,-
2012,Marcus Denmon,SG,6.60%,8.25,9.75,6' 2.25'',6' 3.25'',7' 10.5'',188.2,6' 5'',10.82,-,3.19,33.5,40,8
2012,Andre Drummond,C,7.50%,9.5,9.5,6' 9.75'',6' 11.75'',9' 1.5'',278.6,7' 6.25'',10.83,-,3.39,31.5,33.5,10
2012,Kim English,SG,4.30%,8.5,8.75,6' 4.5'',6' 5.75'',8' 2'',192,6' 6.5'',10.59,-,3.33,29,36.5,-
2012,Festus Ezeli,C-PF,5.50%,9,10.75,6' 9.75'',6' 11.5'',9' 0'',264.2,7' 5.75'',12.35,-,3.29,34,33.5,18
2012,Drew Gordon,PF,9.10%,8.5,9.75,6' 8'',6' 8.75'',8' 7.5'',239,6' 11.5'',11.35,-,3.49,29,34,10
2012,JaMychal Green,PF,9.80%,9.25,9.25,6' 8'',6' 9'',8' 10.5'',217.4,7' 2.25'',10.63,-,3.38,29.5,32.5,19
2012,Draymond Green,PF-SF,11.30%,9,9.5,6' 5.75'',6' 7.5'',8' 9'',235.6,7' 1.25'',11.01,-,3.4,28,33,9
2012,Maurice Harkless,SF,5.30%,9.25,10.25,6' 7.25'',6' 8.75'',8' 6.5'',206.6,7' 0'',10.87,-,3.25,32.5,37,5
2012,John Henson,PF,8.60%,9.25,10,6' 9'',6' 10.5'',9' 4'',216,7' 5'',-,-,-,25.5,30,5
2012,Tu Holloway,PG,8.50%,8.75,10,5' 10.5'',5' 11.75'',7' 10.5'',186.8,6' 5.5'',11,-,3.42,28,35,12
2012,Robbie Hummel,SF,9.40%,8.5,9.5,6' 7.25'',6' 8.5'',8' 6'',218,6' 8.5'',11.56,-,3.41,27.5,30,13
2012,Bernard James,PF,5.00%,9,9.25,6' 8.75'',6' 10'',9' 0.5'',229.8,7' 3'',11.84,-,3.4,30,32.5,6
2012,John Jenkins,SG,7.10%,9,9,6' 3.25'',6' 4.25'',8' 2'',212,6' 8.5'',11.36,-,3.37,30.5,36.5,10
2012,Orlando Johnson,SG,7.00%,9,9.5,6' 3.75'',6' 5.25'',8' 3'',223.8,6' 11.25'',10.98,-,3.25,32,39.5,13
2012,Darius Johnson-Odom,SG,7.00%,8.75,8.75,6' 1.5'',6' 3'',8' 0'',212,6' 7'',10.76,-,3.21,33.5,41.5,17
2012,Terrence Jones,PF-SF,7.70%,9,10,6' 8.25'',6' 9.5'',8' 11'',252,7' 2.25'',11.57,-,3.4,29.5,34.5,12
2012,Kevin Jones,PF,11.20%,9,7.75,6' 6.25'',6' 7.5'',8' 9'',251.2,7' 1.5'',11.94,-,3.6,27.5,32.5,17
2012,Perry Jones,PF-SF,4.60%,9.25,9.5,6' 10.25'',6' 11.25'',8' 11'',233.8,7' 1.75'',11.31,-,3.19,33,38.5,11
2012,Kris Joseph,SG,8.60%,9,9,6' 6'',6' 7'',8' 8'',215,6' 11'',-,-,3.46,28.5,35,6
2012,Michael Kidd-Gilchrist,SF,7.00%,9,10.25,6' 5.75'',6' 7.5'',8' 8.5'',232.8,7' 0'',11.77,-,3.18,32,35.5,6
2012,Doron Lamb,SG-PG,6.70%,8.5,8.75,6' 3.25'',6' 4.75'',8' 2.5'',199.4,6' 6.75'',11.12,-,3.41,29,33.5,2
2012,Jeremy Lamb,SG,4.50%,8.75,9.25,6' 4'',6' 5.25'',8' 6'',179.2,6' 11'',10.98,-,3.25,31.5,38,5
2012,Meyers Leonard,C,5.70%,9.25,11,6' 11.75'',7' 1.25'',9' 0'',249.8,7' 3'',11.34,-,3.41,30,32.5,19
2012,Damian Lillard,PG,5.90%,8.75,9.75,6' 1.75'',6' 2.75'',7' 11.5'',188.8,6' 7.75'',11.15,-,3.34,34.5,39.5,13
2012,Scott Machado,PG,5.80%,8.5,9.5,6' 1'',6' 2'',7' 10.5'',205.8,6' 4'',11.26,-,3.3,27,32.5,17
2012,Kendall Marshall,PG,7.80%,8.5,9,6' 3.25'',6' 4.25'',8' 0'',198.4,6' 5.5'',12.03,-,3.23,31,37,-
2012,Fab Melo,C,9.20%,9,10,6' 10.75'',7' 0'',9' 2'',255,7' 2.5'',12.14,-,3.44,29.5,31,9
2012,Khris Middleton,SF,7.80%,9,9,6' 6.75'',6' 8.25'',8' 7'',216.2,6' 10.75'',11.45,-,3.47,28,31,4
2012,Darius Miller,SF-SG,7.50%,8.5,8.75,6' 6'',6' 7.5'',8' 5'',233.4,6' 9'',11.34,-,3.31,33,37,14
2012,Quincy Miller,SF,7.80%,9.25,10.25,6' 8.75'',6' 10'',8' 9'',218.7,7' 1.25'',11.05,-,3.48,30.5,36,8
2012,Tony Mitchell,SG,5.70%,8.5,10,6' 5.25'',6' 6.25'',8' 4'',216.4,6' 10'',11.72,-,3.47,31.5,40,14
2012,Arnett Moultrie,PF,7.70%,9.25,9.25,6' 9.5'',6' 10.75'',8' 10.5'',232.8,7' 2.25'',11.32,-,3.22,33.5,37.5,10
2012,Kevin Murphy,SG,5.80%,8.5,8.5,6' 5'',6' 6.25'',8' 3'',194,6' 6.75'',10.97,-,3.42,31,36.5,11
2012,Andrew Nicholson,PF,7.60%,10,10.75,6' 8.5'',6' 9.5'',8' 11'',234,7' 4'',11.89,-,3.67,28.5,30.5,10
2012,Kyle O'Quinn,PF,8.00%,9.5,10,6' 8.5'',6' 10'',8' 10.5'',240.8,7' 4.75'',11.65,-,3.53,31.5,31.5,-
2012,Miles Plumlee,PF-C,11.40%,9.25,9,6' 10.5'',6' 11.75'',8' 9.5'',252.4,7' 0.75'',10.64,-,3.36,34,40.5,15
2012,Austin Rivers,SG-PG,6.20%,8.5,10,6' 3.5'',6' 5'',8' 0.5'',202.8,6' 7.25'',11.54,-,3.32,32.5,37.5,1
2012,Thomas Robinson,PF,5.00%,9.75,10.5,6' 7.75'',6' 8.75'',8' 10'',244.2,7' 3.25'',11.96,-,3.17,28.5,35.5,15
2012,Terrence Ross,SG-SF,3.20%,8.75,10.25,6' 6'',6' 7'',8' 4.5'',196.6,6' 7.25'',11.78,-,3.28,31,37.5,2
2012,Tomas Satoransky,PG-SG,5.20%,8.5,9.5,6' 6.5'',6' 7.5'',8' 4'',200.6,6' 7.25'',-,-,-,-,-,-
2012,Mike Scott,PF,10.60%,8.5,9,6' 7.25'',6' 8.75'',8' 8'',240.8,6' 10.75'',11.59,-,3.44,27,32.5,14
2012,Henry Sims,C-PF,7.70%,9.25,10,6' 10'',6' 11.75'',9' 0'',241.2,7' 4'',12.33,-,3.44,26.5,29.5,7
2012,Jared Sullinger,PF,10.70%,9.25,9.75,6' 7.75'',6' 9'',8' 9.5'',268.2,7' 1.25'',12.77,-,3.81,29.5,31,9
2012,Tyshawn Taylor,PG,4.20%,8.75,8.75,6' 2.75'',6' 4'',8' 1.5'',177,6' 6.25'',11.48,-,3.2,32,36.5,-
2012,Jordan Taylor,PG,5.50%,8.25,9.5,6' 1'',6' 2'',7' 8.5'',192.8,6' 3'',10.57,-,3.19,33,36.5,14
2012,Jeff Taylor,SF-SG,4.20%,8.25,9.75,6' 6'',6' 7.25'',8' 5.5'',212.8,6' 6.25'',10.87,-,3.29,33.5,40,15
2012,Marquis Teague,PG,6.30%,8.25,7.75,6' 1'',6' 2'',8' 0.5'',179.8,6' 7.25'',10.65,-,3.19,32.5,40.5,8
2012,Hollis Thompson,SF,6.00%,8.25,9.75,6' 6.75'',6' 8'',8' 6.5'',206,6' 9.5'',11.72,-,3.38,28.5,36.5,6
2012,Dion Waiters,SG,8.50%,8.5,9.5,6' 2.5'',6' 4'',8' 2'',221,6' 7.25'',-,-,-,-,-,-
2012,Royce White,PF,10.60%,9.5,11.5,6' 7'',6' 8'',8' 8.5'',260.6,7' 0'',-,-,-,-,-,-
2012,Tony Wroten,PG,5.20%,8,9,6' 4.75'',6' 6'',8' 5'',203.2,6' 9'',10.75,-,3.24,30,35.5,-
2012,Tyler Zeller,PF-C,6.40%,9,9.75,6' 11.25'',7' 0.5'',8' 8.5'',247.4,7' 0'',11.13,-,3.4,30,34,16
2013,Steven Adams,C,6.65%,9.5,11,6' 10.75'',7' 0'',9' 1.5'',254.5,7' 4.5'',11.85,3.02,3.4,28.5,33,16
2013,Vander Blue,SG,4.60%,8.5,9.5,6' 3.5'',6' 5.25'',8' 4.5'',197.4,6' 6'',10.4,2.7,3.14,28,37.5,4
2013,Lorenzo Brown,PG,3.95%,8.25,8.5,6' 4'',6' 5.25'',8' 4'',189.2,6' 7'',11.78,3.24,3.4,28,34,8
2013,Reggie Bullock,SG-SF,6.95%,8.5,9,6' 5.75'',6' 7'',8' 6'',199.8,6' 8.75'',11.33,3.3,3.31,31,36.5,11
2013,Trey Burke,PG,6.90%,8.25,8.75,5' 11.75'',6' 1.25'',8' 1.5'',187,6' 5.5'',11.2,3.01,3.16,29.5,36.5,3
2013,Kentavious Caldwell-Pope,SG,6.45%,8.5,9,6' 4.5'',6' 5.5'',8' 4.5'',203.6,6' 8'',10.6,3.2,3.12,29,34.5,7
2013,Isaiah Canaan,PG,5.90%,8.25,9.5,5' 11'',6' 0'',7' 10.5'',188.4,6' 4.5'',10.98,2.89,3.22,33,40.5,16
2013,Jackie Carmichael,PF,5.80%,9,10.25,6' 7.5'',6' 9'',8' 11'',241.2,7' 1.5'',11.83,3.07,3.35,30,32,13
2013,Michael Carter-Williams,PG,4.40%,7.5,8.5,6' 4.75'',6' 5.75'',8' 5'',184.4,6' 7.25'',10.68,3.7,3.22,31.5,41,8
2013,Will Clyburn,SF-SG,6.85%,9.25,10.25,6' 5.75'',6' 7'',8' 9'',210.4,7' 0.25'',11.68,3.12,3.38,28,34.5,3
2013,Robert Covington,SF-PF,4.70%,9,8.5,6' 6.25'',6' 7.5'',8' 10'',208.6,7' 1.75'',11.69,3.1,3.34,29.5,36,9
2013,Allen Crabbe,SG,4.65%,8.25,8.5,6' 5.25'',6' 6.25'',8' 7.5'',197.4,6' 11.25'',10.67,3.1,3.32,30.5,36,10
2013,Seth Curry,SG,9.60%,8,8.25,6' 1'',6' 3'',8' 1.5'',179.2,6' 4'',-,-,-,-,-,-
2013,Brandon Davies,PF,8.60%,9,11,6' 8.5'',6' 10.25'',9' 0.5'',241.8,7' 1.5'',11.22,3.14,3.5,26,31.5,7
2013,Dewayne Dedmon,C,8.35%,9,11,6' 10'',6' 11.5'',9' 1'',238.8,7' 4'',12.75,3.26,3.4,28,32.5,8
2013,Gorgui Dieng,C,5.35%,9,10,6' 9.75'',6' 10.75'',9' 3.5'',229.6,7' 3.5'',-,-,-,-,-,-
2013,James Ennis,SF,4.50%,8.5,8.75,6' 5.75'',6' 7'',8' 8.5'',200.8,6' 11.5'',11.55,3.06,3.4,29.5,36.5,7
2013,Carrick Felix,SF-SG,3.30%,8.5,9.5,6' 4.75'',6' 6.25'',8' 7.5'',202.6,6' 9.25'',11.16,3.09,3.25,32,38.5,15
2013,Jamaal Franklin,SG-SF,8.25%,8.5,8.25,6' 4'',6' 5.25'',8' 7.5'',190.8,6' 11.25'',-,-,-,-,-,-
2013,Rudy Gobert,C,4.40%,9.75,10,7' 0.5'',7' 2'',9' 7'',237.6,7' 8.5'',12.85,3.19,3.57,25,29,7
2013,Archie Goodwin,SG,4.55%,8.5,9,6' 3.75'',6' 5.25'',8' 6'',189,6' 9.5'',10.75,3.41,3.27,30,36,1
2013,Erick Green,PG,4.35%,8.5,9,6' 1.5'',6' 3'',8' 2'',178.2,6' 5.75'',-,-,-,-,-,5
2013,Tim Hardaway Jr.,SG,6.05%,8,9.25,6' 4.5'',6' 6.25'',8' 5'',199.4,6' 7'',10.68,2.93,3.25,31.5,37.5,16
2013,Solomon Hill,SF,7.60%,9,10.5,6' 5.5'',6' 7'',8' 7'',226,6' 9'',10.77,2.91,3.19,29.5,37.5,14
2013,Richard Howell,PF,8.75%,8.75,9.5,6' 6.25'',6' 7.5'',8' 9.5'',249.6,6' 10.25'',-,-,-,-,-,-
2013,Colton Iverson,C,9.60%,9.25,9.5,6' 10.5'',7' 0'',9' 2'',262.8,7' 2'',11.52,3.04,3.52,26.5,30,12
2013,Pierre Jackson,PG,4.50%,7.5,8.25,5' 9.5'',5' 10.5'',7' 6'',176,5' 10'',-,-,-,-,-,-
2013,Grant Jerrett,PF,10.05%,8.5,9.25,6' 8.75'',6' 10.25'',9' 1'',232,7' 2'',11.85,3.23,3.51,28.5,34,2
2013,Myck Kabongo,PG,6.00%,8.25,9,6' 1.25'',6' 2.75'',8' 2'',180.4,6' 6.25'',10.64,2.86,3.44,27.5,33.5,2
2013,Kenny Kadji,PF-C,7.45%,9,10.25,6' 8.75'',6' 10'',8' 10.5'',241.6,7' 3'',11.47,2.88,3.44,34,38,9
2013,Ryan Kelly,PF,14.75%,9,10,6' 9.75'',6' 11.75'',9' 2'',228,6' 11.5'',-,-,-,-,-,-
2013,Shane Larkin,PG,3.80%,7.5,8.75,5' 10.25'',5' 11.5'',7' 5.5'',170.8,5' 10.75'',10.64,3.03,3.08,34.5,44,12
2013,Ricky Ledo,SG,10.25%,8.5,9.25,6' 4.75'',6' 6'',8' 6.5'',197.2,6' 7.25'',10.72,3.16,3.32,27,33.5,4
2013,Alex Len,C,6.40%,9,10.75,,,,-,7' 3.5'',-,-,-,-,-,-
2013,CJ Leslie,PF-SF,7.95%,8.75,9,6' 7.5'',6' 8.75'',8' 8.5'',209.2,7' 2.25'',10.19,2.79,3.1,32.5,40.5,-
2013,Trevor Mbakwe,PF,5.90%,9.5,11.5,6' 6.75'',6' 8'',8' 10.5'',235.8,7' 4'',12.01,2.97,3.32,30,36.5,21
2013,Ray McCallum,PG,7.30%,8,8.75,6' 0.25'',6' 1.75'',8' 0.5'',191.4,6' 3.25'',10.82,3.08,3.25,30.5,40,5
2013,CJ McCollum,PG-SG,8.60%,8,9.5,6' 2.25'',6' 3.25'',8' 0.5'',197,6' 6.25'',11.02,2.91,3.32,32,38.5,13
2013,Ben McLemore,SG,5.00%,8.75,9.5,6' 3.5'',6' 4.75'',8' 4.5'',189.2,6' 7.75'',11.87,3.11,3.27,32.5,42,6
2013,Tony Mitchell,PF-SF,5.55%,9,10,6' 7.5'',6' 8.75'',8' 10.5'',236.4,7' 2.5'',11.82,3.25,3.52,33.5,38,13
2013,Shabazz Muhammad,SF-SG,9.00%,9,10,6' 4.75'',6' 6.25'',8' 8.5'',221.8,6' 11'',10.99,2.93,3.32,29.5,37,10
2013,Erik Murphy,PF,7.95%,8.75,9.75,6' 8.75'',6' 9.5'',9' 0'',239.8,6' 10.5'',12.19,2.96,3.57,24.5,29.5,13
2013,Mike Muscala,C-PF,6.80%,8.5,9,6' 10.25'',6' 11.5'',9' 0'',230.2,7' 1'',11.76,2.99,3.44,28,33.5,5
2013,Nerlens Noel,C,4.15%,9.5,10,6' 10'',6' 11.75'',9' 2'',206.4,7' 3.75'',-,-,-,-,-,-
2013,Victor Oladipo,SG,6.55%,8.75,9.25,6' 3.25'',6' 4.25'',8' 4.5'',213.2,6' 9.25'',10.69,3.14,3.25,33,42,15
2013,Kelly Olynyk,PF-C,6.65%,8.5,10,6' 10.75'',7' 0'',9' 0'',234,6' 9.75'',11.42,2.99,3.59,24.5,29.5,5
2013,Brandon Paul,SG,5.25%,8.5,9.5,6' 2.75'',6' 4'',8' 2'',201,6' 10.25'',11.16,2.9,3.37,33.5,39.5,15
2013,Norvel Pelle,PF-C,5.15%,8.75,9.5,6' 9.5'',6' 10.5'',9' 1'',207.2,7' 2.5'',11.49,3.2,3.32,31,34.5,-
2013,Mason Plumlee,C-PF,6.15%,9.75,9.5,6' 11.25'',7' 0.5'',9' 0'',238.2,6' 11'',10.89,2.76,3.29,30.5,36,14
2013,Otto Porter,SF,6.65%,8.75,9.25,6' 7.5'',6' 8.5'',8' 9.5'',197.6,7' 1.5'',11.25,3.06,3.4,27,36,9
2013,Phil Pressey,PG,4.70%,7.75,9.75,5' 9.5'',5' 11.5'',7' 8'',177,6' 2.25'',10.86,3.02,3.13,33,38.5,7
2013,Glen Rice,SF-SG,8.45%,8.5,9,6' 4.5'',6' 5.75'',8' 5.5'',210.8,6' 9.25'',10.99,3.08,3.25,33,40.5,10
2013,Andre Roberson,PF-SF,7.05%,8.75,9.5,6' 6.25'',6' 7'',8' 8.5'',205.8,6' 11'',11.36,3.02,3.34,30,36.5,10
2013,Dennis Schroder,PG,4.10%,8.75,10.5,6' 1'',6' 2'',8' 2'',164.8,6' 7.75'',11.09,2.86,3.21,30,34,1
2013,Peyton Siva,PG,6.05%,8,9.75,5' 11.5'',6' 1'',7' 9'',180.6,6' 3'',10.59,2.93,3.16,33.5,41.5,15
2013,Tony Snell,SF-SG,4.85%,9,9.5,6' 6'',6' 7.25'',8' 9.5'',198.2,6' 11.5'',11.36,2.84,3.25,30,36.5,7
2013,James Southerland,SF-PF,8.05%,8,9.5,6' 7'',6' 8'',8' 10'',220.6,7' 1'',10.9,3.03,3.38,29,32,5
2013,Adonis Thomas,SF,7.50%,9.25,9.5,6' 4.75'',6' 5.75'',8' 3'',231.8,7' 1'',11.64,3.11,3.32,34.5,40.5,13
2013,Deshaun Thomas,SF,9.10%,8,8.75,6' 5'',6' 7'',8' 8'',219.8,6' 10'',12.94,3.38,3.53,28.5,32,5
2013,Jeff Withey,C,8.65%,9,9.75,6' 10.75'',7' 0.5'',9' 2.5'',221.8,7' 2'',12.49,3.29,3.47,26.5,29,10
2013,Nate Wolters,PG,5.50%,8.25,8.75,6' 3.5'',6' 4.75'',8' 2'',196.4,6' 3.75'',-,-,-,-,-,8
2013,BJ Young,SG-PG,4.70%,8.5,9.5,6' 2.25'',6' 3.5'',8' 3'',178.8,6' 8.25'',-,-,-,-,-,-
2013,Cody Zeller,C-PF,4.75%,8.5,10.5,6' 10.75'',7' 0.25'',8' 10'',230,6' 10.75'',10.82,2.69,3.15,35.5,37.5,17
2014,Jordan Adams,SG,10.80%,8.5,7.5,6' 3.5'',6' 4.75'',8' 6'',208.8,6' 10'',12.13,3.05,3.5,24.5,29.5,-
2014,Kyle Anderson,SF,13.35%,8.25,8.75,6' 7.5'',6' 8.5'',8' 11.5'',230.1,7' 2.75'',-,-,-,-,-,-
2014,Thanasis Antetokounmpo,SF,6.05%,9,9.75,6' 5.25'',6' 6.25'',8' 8.5'',205.2,7' 0'',11.39,3.05,3.18,31.5,39.5,-
2014,Jordan Bachynski,PF,7.45%,9.25,10,7' 1.25'',7' 2'',9' 0.5'',254.1,7' 4'',12.15,3.03,3.36,29,33,-
2014,Cameron Bairstow,PF,8.70%,8.75,9,6' 8.75'',6' 9.75'',8' 11'',252.4,7' 0.75'',11.39,3.09,3.37,31,33.5,-
2014,Khem Birch,PF,6.00%,9,8.5,6' 7.5'',6' 9.25'',8' 11'',208.8,7' 1'',11.6,3.24,3.26,30.5,35.5,-
2014,Alec Brown,PF,7.70%,9.25,8.75,7' 0.25'',7' 1.25'',9' 1'',231.2,7' 1.5'',12.05,2.91,3.48,27,30,-
2014,Markel Brown,SG,4.20%,8.25,9.75,6' 2.5'',6' 3.5'',8' 4'',184.4,6' 8.75'',12.62,2.9,3.18,36.5,43.5,-
2014,Jabari Brown,SG,6.05%,9,9.25,6' 3'',6' 4.25'',8' 4'',201.9,6' 8.25'',11.6,3.26,3.5,28,32,-
2014,Deonte Burton,PG,7.65%,8.25,8,6' 0'',6' 1.25'',8' 1.5'',192.8,6' 7'',11.28,3.08,3.28,29,39.5,-
2014,Semaj Christon,PG,5.25%,8.5,8.25,6' 1.5'',6' 3.25'',8' 3'',186,6' 6.5'',11.55,3.21,3.32,30.5,36.5,-
2014,Jordan Clarkson,PG,4.30%,8.25,9,6' 3.25'',6' 5'',8' 2'',186.3,6' 8'',10.76,2.98,3.28,33,38.5,-
2014,Aaron Craft,PG,6.10%,7.75,8.5,6' 0.75'',6' 1.75'',7' 10.5'',191.6,6' 2'',10.78,2.9,3.26,29,32,-
2014,DeAndre Daniels,SF,3.85%,9.25,10.5,6' 7.25'',6' 8.5'',8' 10.5'',196,7' 2'',11.46,3.04,3.44,26.5,32,-
2014,Spencer Dinwiddie,PG,5.35%,8.25,9,6' 4.5'',6' 6'',8' 7'',204.9,6' 8.25'',-,-,-,-,-,-
2014,Cleanthony Early,SF,4.45%,8.5,9,6' 6'',6' 7.25'',8' 5.5'',209.4,6' 10.75'',11.15,2.96,3.18,34,40,-
2014,Melvin Ejim,SF,6.45%,8.75,9.25,6' 5.25'',6' 7'',8' 7.5'',218.5,6' 11.25'',11.55,3.12,3.14,29.5,35,-
2014,Tyler Ennis,PG,6.20%,8.25,8.75,6' 1'',6' 2.5'',8' 2'',181.5,6' 7.25'',11.12,2.84,3.3,29,36,-
2014,Dante Exum,SG,6.40%,8.5,9.5,6' 4.5'',6' 6'',8' 7'',196.3,6' 9.5'',10.75,2.88,3.19,31.5,34.5,-
2014,C.J. Fair,SF,5.05%,9,9,6' 6.5'',6' 8'',8' 8'',218.1,6' 9.5'',11,3.06,3.32,27,35,-
2014,Aaron Gordon,PF,5.05%,8.75,10.5,6' 7.5'',6' 8.75'',8' 9'',220.1,6' 11.75'',10.81,2.76,3.27,32.5,39,-
2014,Jerami Grant,SF,3.75%,9.25,9.25,6' 6.5'',6' 7.75'',8' 11'',214,7' 2.75'',-,-,-,-,-,-
2014,P.J. Hairston,SG,8.20%,8.75,9.75,6' 4.25'',6' 5.25'',8' 5'',228.8,6' 9'',11.12,-,3.32,32,37,-
2014,Gary Harris,SG,4.55%,8.5,9.5,6' 2.5'',6' 4.5'',8' 0'',204.8,6' 6.75'',-,-,-,-,-,-
2014,Joe Harris,SG,6.20%,8.5,9.75,6' 4.75'',6' 6.25'',8' 4'',215,6' 6'',11.11,2.92,3.31,28.5,33.5,-
2014,Rodney Hood,SF,7.45%,8.5,8.5,6' 7.25'',6' 8.5'',8' 7'',208.2,6' 8.5'',11.21,3.14,3.38,29,36,-
2014,Cory Jefferson,PF,5.25%,8.75,9.75,6' 7.75'',6' 9'',8' 9'',218.4,7' 0.5'',12.63,3.39,3.36,33,37.5,-
2014,Nick Johnson,SG,6.05%,8.75,9.75,6' 1.5'',6' 3'',8' 0.5'',198,6' 7.25'',10.8,2.95,3.27,33.5,41.5,-
2014,Sean Kilpatrick,SG,9.20%,9,9,6' 2.5'',6' 4.25'',8' 3'',218.7,6' 7'',-,-,-,-,-,-
2014,Alex Kirk,PF,13.60%,9.25,10.5,6' 9.25'',6' 10.75'',9' 1.5'',252,7' 3.5'',11.2,3.19,3.48,28.5,31.5,-
2014,Zach LaVine,PG,4.70%,8.25,8.75,6' 4.5'',6' 5.75'',8' 4'',180.9,6' 8.25'',10.42,2.8,3.19,33.5,41.5,-
2014,Devyn Marble,SG,6.90%,8.25,8.5,6' 5'',6' 6.5'',8' 6'',192.4,6' 9'',11.32,3.08,3.28,29,35,-
2014,James McAdoo,PF,6.15%,9.25,9,6' 7.5'',6' 8.75'',8' 10.5'',227.6,7' 2.25'',11.61,2.91,3.28,29.5,34,-
2014,K.J. McDaniels,SF,4.45%,8.75,9.75,6' 4.5'',6' 6'',8' 6'',195.6,6' 11.25'',12.71,3.2,3.1,33,37,-
2014,Doug McDermott,SF,7.10%,8.75,9.75,6' 6.25'',6' 7.75'',8' 7'',218,6' 9.25'',11.1,3.15,3.29,28.5,36.5,-
2014,Jordan McRae,SG,5.20%,8.75,8.5,6' 3.75'',6' 5.25'',8' 8'',179.4,7' 0.5'',11.07,3.15,3.39,27.5,34.5,-
2014,Shabazz Napier,PG,7.35%,8.25,8.5,5' 11'',6' 1'',7' 9'',175.2,6' 3.25'',11.6,3.13,3.2,30.5,37.5,-
2014,Johnny O?Bryant III,PF,10.75%,9.25,9.5,6' 7.25'',6' 8.5'',8' 9'',256.8,7' 2.25'',11.57,3.32,3.45,31,35.5,-
2014,Lamar Patterson,SG,10.75%,9,9.25,6' 4'',6' 5.25'',8' 5'',226,6' 11'',11.63,3.13,3.45,27.5,32.5,-
2014,Adreian Payne,PF,7.55%,9.25,9.5,6' 9'',6' 9.75'',9' 1'',238.5,7' 4'',-,-,-,-,-,-
2014,Elfrid Payton,PG,5.65%,8.75,9,6' 2.5'',6' 3.75'',8' 2.5'',185.4,6' 8'',11.06,2.92,3.23,31.5,35.5,-
2014,Dwight Powell,PF,6.20%,9,9.25,6' 9.5'',6' 11'',8' 9'',234.4,7' 0.5'',11.28,2.88,3.2,28.5,35,-
2014,Julius Randle,PF,9.40%,8.75,8.25,6' 7.75'',6' 9'',8' 9.5'',249.7,7' 0'',11.45,3.14,3.27,29,35.5,-
2014,Glenn Robinson III,SF,5.05%,9,9.5,6' 5.5'',6' 6.75'',8' 4.5'',211.4,6' 10'',11.22,3.04,3.15,36.5,41.5,-
2014,LaQuinton Ross,SF,16.30%,8.75,9.75,6' 6.5'',6' 7.5'',8' 10'',238.7,7' 1.75'',11.97,3.52,3.44,25,31,-
2014,Marcus Smart,PG,10.55%,9,8.75,6' 2'',6' 3.25'',8' 3'',227.2,6' 9.25'',10.82,2.96,3.26,33,36,-
2014,Russ Smith,PG,3.50%,8.25,8.5,5' 11.5'',6' 0.75'',7' 11'',160,6' 3.5'',11.57,3.01,3.27,29.5,34,-
2014,Nik Stauskas,SG,12.05%,8.5,8.5,6' 5.25'',6' 6.5'',8' 6'',206.9,6' 7.75'',10.79,2.92,3.27,29,35.5,-
2014,Jarnell Stokes,PF,8.20%,9.75,10.5,6' 7'',6' 8.5'',8' 7.5'',262.8,7' 1.25'',11.92,3.2,3.26,31,36,-
2014,Xavier Thames,PG,6.40%,8.25,9,6' 2.25'',6' 3.5'',8' 0'',187,6' 4'',11.48,3.02,3.48,29,32.5,-
2014,Noah Vonleh,PF,7.30%,9.75,11.75,6' 8'',6' 9.5'',9' 0'',247.1,7' 4.25'',11.45,3.29,3.28,31,37,-
2014,T.J. Warren,SF,7.95%,8.75,9,6' 7'',6' 8.25'',8' 8'',220.2,6' 10.25'',11.1,3.04,3.26,27,35.5,-
2014,C.J. Wilcox,SG,6.50%,8.75,9,6' 3.5'',6' 5'',8' 4.5'',201,6' 9.75'',11.3,2.92,3.22,31,37.5,-
2014,Kendall Williams,PG,7.20%,8,7.75,6' 2.25'',6' 3.75'',8' 3'',183,6' 5.5'',10.83,2.85,-,27,33,-
2014,Patric Young,PF,5.45%,9.25,9.5,6' 8.5'',6' 10'',8' 7.5'',246.8,7' 1.75'',11.18,3.06,3.43,32,37.5,-
2014,James Young,SG,5.10%,9,9.5,6' 5.25'',6' 6.75'',8' 8'',213.3,7' 0'',-,-,-,28,35.5,-
2015,Cliff Alexander,PF-C,5.80%,9.5,10.25,6' 7.25'',6' 8.5'',9' 1.5'',239.2,7' 3.5'',-,-,-,-,-,-
2015,Justin Anderson,SF-SG,5.00%,8.5,9.5,6' 5.25'',6' 6.25'',8' 5'',230.6,6' 11.75'',11.13,2.88,3.22,38,43,12
2015,Brandon Ashley,PF,8.80%,9,9.5,6' 7.25'',6' 8.5'',8' 9'',228,7' 3.75'',11.21,3.35,3.58,31.5,35.5,9
2015,Ryan Boatright,PG,6.60%,7.5,8.75,5' 10'',5' 11'',7' 8.5'',169.6,6' 0.5'',10.71,3.05,3.26,32,41,10
2015,Devin Booker,SG,8.30%,8.75,9,6' 4.5'',6' 5.75'',8' 6.5'',205.8,6' 8.25'',10.27,2.75,3.28,27.5,34.5,8
2015,Anthony Brown,SF-SG,6.10%,8.5,9,6' 5.75'',6' 7.25'',8' 8.5'',211,6' 11'',10.94,3.29,3.18,27.5,34.5,4
2015,Willie Cauley-Stein,C,6.30%,9.5,9,6' 11.25'',7' 0.5'',9' 3'',242.4,7' 3'',-,-,-,-,-,-
2015,Rakeem Christmas,PF-C,9.60%,9.25,9,6' 8.25'',6' 9.75'',9' 2.5'',242.6,7' 5.25'',11.6,3.3,3.47,29,32,9
2015,Pat Connaughton,SG,10.20%,8.5,9.25,6' 4'',6' 5.25'',8' 0'',215,6' 8'',10.58,3.08,3.2,37.5,44,13
2015,Quinn Cook,PG,6.70%,7.5,8.75,6' 0.25'',6' 2'',8' 0.5'',179,6' 4'',11.44,3.41,3.38,24.5,31,14
2015,Branden Dawson,PF,5.80%,9,8.75,6' 5.5'',6' 6.75'',8' 9'',230.2,6' 11'',12.22,3.53,3.2,28.5,34.5,12
2015,Sam Dekker,SF,7.50%,8.5,9.25,6' 7.75'',6' 9'',8' 10'',218.6,6' 11.5'',10.64,2.96,3.28,25.5,34.5,5
2015,Michael Frazier II,SG,7.40%,8.25,9.25,6' 3.75'',6' 4.25'',8' 5.5'',199.4,6' 8'',10.66,3.02,3.32,27,35,10
2015,Treveon Graham,SF,5.50%,8.5,8.25,6' 4'',6' 5.75'',8' 7'',219.4,6' 10.5'',11.64,3.15,3.3,28.5,31.5,11
2015,Jerian Grant,PG,5.60%,8.25,8.5,6' 3.25'',6' 4.25'',8' 4'',198,6' 7.5'',-,-,-,-,-,-
2015,Olivier Hanlan,PG-SG,4.30%,8,8.75,6' 3.25'',6' 4.25'',8' 4'',185.8,6' 6'',11.41,3.12,3.25,28,34,19
2015,Montrezl Harrell,PF,11.90%,9,9.75,6' 7'',6' 7.5'',9' 1'',253.4,7' 4.25'',-,-,-,-,-,-
2015,Andrew Harrison,PG,5.90%,8.25,9.25,6' 4.5'',6' 5.5'',8' 4'',213.2,6' 9'',11.2,-,3.34,26.5,33,-
2015,Aaron Harrison,SG,6.00%,8.75,10,6' 4.5'',6' 6'',8' 4.5'',209.2,6' 8.25'',-,-,3.27,28.5,34.5,1
2015,Tyler Harvey,SG,9.20%,7.75,8.75,6' 2.75'',6' 4'',8' 2.5'',181.4,6' 5.5'',10.56,2.93,3.44,26,28.5,1
2015,Corey Hawkins,SG-PG,5.50%,8.75,9,6' 0.75'',6' 1.75'',8' 3.5'',191.8,6' 8'',10.81,-,3.51,28.5,34,9
2015,Rondae Hollis-Jefferson,SF,5.00%,8.75,9.75,6' 5.5'',6' 7'',8' 8'',210.8,7' 2'',10.41,3.19,3.12,32,38,13
2015,Richaun Holmes,PF,8.80%,8.5,8.5,6' 8.25'',6' 9.5'',9' 0'',242.8,7' 1.5'',11.24,3.31,3.32,32.5,36,15
2015,Jonathan Holmes,PF-SF,7.20%,8.25,9.5,6' 8.25'',6' 9.25'',8' 11.5'',242.2,6' 11.5'',10.95,3.12,3.51,25.5,31,-
2015,R.J. Hunter,SG,6.00%,8.5,8.25,6' 4.5'',6' 6'',8' 8'',185,6' 10.5'',10.87,2.91,3.26,27.5,33.5,1
2015,Vince Hunter,PF,4.60%,9,8.75,6' 6.75'',6' 7.5'',8' 8.5'',208.4,6' 11'',11.19,3.06,3.26,33.5,37.5,13
2015,Dakari Johnson,C,14.90%,9.25,10.5,6' 11'',6' 11.75'',9' 4'',264.6,7' 2'',11.76,2.94,3.62,22.5,25,4
2015,Stanley Johnson,SF,7.50%,9,9,6' 5'',6' 6.5'',8' 6'',241.8,6' 11.5'',-,-,-,-,-,-
2015,Tyus Jones,PG,6.50%,8.25,8.75,6' 0.5'',6' 2'',8' 1'',184.6,6' 5'',11.84,2.95,3.32,26.5,32.5,2
2015,Frank Kaminsky,C-PF,9.40%,8.5,9.5,6' 11.75'',7' 0.75'',9' 1.5'',231.2,6' 11'',-,-,-,-,-,-
2015,Kevon Looney,PF,11.90%,9.5,9.25,6' 8'',6' 9.25'',9' 2'',222.4,7' 3.5'',-,-,-,-,-,-
2015,Trey Lyles,PF,12.10%,9.25,10.25,6' 9'',6' 10.25'',9' 0'',241.2,7' 1.5'',-,-,-,-,-,-
2015,Jarell Martin,PF,10.10%,8.25,9.5,6' 8'',6' 9.25'',8' 10.5'',238.6,6' 9'',11.2,2.97,3.27,28.5,35,19
2015,TJ McConnell,PG,7.30%,7.5,7,6' 0.5'',6' 2'',8' 0.5'',187.8,6' 2'',10.95,3.09,3.3,26,31.5,7
2015,Chris McCullough,PF,6.20%,8.75,8.75,6' 8.25'',6' 9'',9' 1'',199,7' 3.25'',-,-,-,-,-,-
2015,Jordan Mickey,PF,7.20%,8.75,9.5,6' 7'',6' 8.25'',8' 10'',238,7' 3.25'',11.72,3.13,3.28,33,37.5,9
2015,Larry Nance,PF,6.40%,9,9.75,6' 7.5'',6' 8.5'',9' 0'',226.6,7' 1.5'',10.93,3.01,3.25,29,37.5,10
2015,Kelly Oubre,SF-SG,5.70%,9,8.75,6' 5.75'',6' 6.75'',8' 6.5'',202.8,7' 2.25'',11.09,3.12,3.32,34.5,37,7
2015,Cameron Payne,PG,6.30%,8.5,8.25,6' 0.75'',6' 1.5'',8' 1.5'',182.8,6' 7.25'',10.9,2.93,3.28,29.8,35.5,-
2015,Terran Petteway,SG,4.90%,8.25,8.25,6' 4.75'',6' 6'',8' 8.5'',209.2,6' 11.25'',10.91,3.1,3.32,25,31,15
2015,Bobby Portis,PF,8.90%,9.5,9.25,6' 9.5'',6' 10.5'',9' 0.5'',246.2,7' 2'',11.78,3.28,3.56,25,31.5,5
2015,Norman Powell,SG,6.40%,9.25,9,6' 3'',6' 4.25'',8' 6.5'',215.4,6' 10.75'',10.69,3.2,3.2,32.5,40.5,5
2015,Michael Qualls,SG-SF,4.00%,9,10.25,6' 4'',6' 5'',8' 8.5'',201.4,7' 0.25'',11.88,-,3.18,34,39.5,9
2015,Chasson Randle,PG,4.50%,8.5,9.5,6' 0.25'',6' 1.5'',8' 0.5'',178.8,6' 7'',10.63,2.81,3.2,33.5,39.5,6
2015,Terry Rozier,PG-SG,5.60%,8.25,8.5,6' 0.5'',6' 2.25'',8' 2.5'',190.2,6' 8.25'',10.84,2.84,3.15,33,38,7
2015,D?Angelo Russell,PG-SG,8.30%,8.75,9.75,6' 3.25'',6' 5'',8' 6'',193.4,6' 9.75'',-,-,-,-,-,-
2015,Keifer Sykes,PG,5.00%,8.5,9.5,5' 10.5'',5' 11.75'',7' 9'',167.2,6' 2'',10.47,3.15,3.13,34,43,8
2015,Marcus Thornton,PG-SG,5.30%,8.25,8.5,6' 1.75'',6' 2.75'',8' 1.5'',177.4,6' 7.75'',10.78,2.88,3.02,34.5,43,3
2015,J.P. Tokoto,SF-SG,4.10%,8,8.75,6' 5.25'',6' 6.25'',8' 4.5'',195.8,6' 10'',10.97,3.2,3.27,34.5,40,12
2015,Myles Turner,C-PF,9.30%,9.25,9.25,6' 9.75'',6' 11.5'',9' 4'',238.6,7' 4'',-,-,-,-,-,-
2015,Robert Upshaw,C,12.50%,10,11,6' 10.75'',7' 0'',9' 5'',258.2,7' 5.5'',-,-,-,-,-,-
2015,Rashad Vaughn,SG,6.20%,8,8.5,6' 3.75'',6' 5'',8' 5'',198.6,6' 7'',11.4,3.1,3.21,28,34,5
2015,Chris Walker,PF,5.10%,9,9,6' 8.75'',6' 9.25'',9' 0'',208,7' 2.75'',11.25,3.41,3.35,30.5,37,6
2015,Dez Wells,SG,8.10%,8.75,9.75,6' 3'',6' 4'',8' 4.5'',208.8,6' 9.5'',10.56,3.05,3.2,31.5,39,15
2015,Alan Williams,PF,12.00%,8.5,9.5,6' 7.25'',6' 8.25'',8' 10.5'',261.4,7' 1.75'',12.26,3.54,3.5,25.5,28.5,8
2015,Justise Winslow,SF,5.30%,8.5,9.25,6' 4.5'',6' 6.5'',8' 8.5'',221.8,6' 10.25'',-,-,-,-,-,-
2015,Christian Wood,PF,14.70%,9.25,10.75,6' 9.25'',6' 10.5'',9' 3.5'',216,7' 3.25'',-,-,-,-,-,-
2015,Delon Wright,PG,6.60%,8,8.5,6' 4.25'',6' 5.5'',8' 5.5'',181.4,6' 7.5'',11.16,3.5,3.29,29.5,31,4
2016,Ron Baker,SG,7.85%,8.75,9.5,6' 3.25'',6' 4.25'',8' 1.5'',212.4,6' 9.75'',10.77,2.96,3.45,30,35.5,-
2016,Wade Baldwin IV,PG,5.20%,9,9.75,6' 2.5'',6' 4'',8' 4'',201.8,6' 11.25'',10.45,3.01,3.19,32.5,38,-
2016,Cat Barber,PG,4.50%,8,8.5,6' 1.5'',6' 2.75'',7' 11.5'',173,6' 5.5'',-,-,-,-,-,-
2016,Malik Beasley,SG,6.90%,8.5,9,6' 3.5'',6' 4.5'',8' 4.5'',189.8,6' 7'',-,-,-,-,-,-
2016,DeAndre Bembry,SG-SF,7.00%,8,9.25,6' 4.25'',6' 5.75'',8' 5'',206.6,6' 9.25'',10.9,2.87,3.17,32,38,-
2016,Ben Bentil,PF,9.70%,9.5,10,6' 7.25'',6' 8.25'',8' 9'',229.2,7' 1.5'',11.16,3.1,3.3,29,33,-
2016,Jaron Blossomgame,SF,5.25%,8.5,10,6' 6.25'',6' 7.25'',8' 6'',213.6,6' 10'',11.53,3.26,3.2,35,41,-
2016,Joel Bolomboy,PF,5.15%,9,10.25,6' 7.5'',6' 9'',8' 7.5'',224.4,7' 1.75'',10.26,2.86,3.17,37.5,40.5,-
2016,Malcolm Brogdon,SG,5.40%,9,10.25,6' 3.75'',6' 5.5'',8' 2'',223,6' 10.5'',10.77,2.64,3.31,30.5,35.5,-
2016,Jaylen Brown,SG-SF,5.05%,8.75,9,6' 5.25'',6' 6.75'',8' 6.5'',222.8,6' 11.75'',-,-,-,-,-,-
2016,Marquese Chriss,PF,8.50%,9,9,6' 8.75'',6' 10'',8' 9'',233,7' 0.25'',11.93,3.05,3.26,32.5,38.5,-
2016,Elgin Cook,SF,6.35%,8.5,10.25,6' 5'',6' 6.25'',8' 4.5'',209.8,6' 10'',-,-,-,-,-,-
2016,Isaiah Cousins,PG,4.80%,8.25,8.75,6' 3.25'',6' 4.5'',8' 2.5'',194,6' 6.25'',10.79,2.97,3.24,30.5,37,-
2016,Deyonta Davis,PF,9.70%,9,9.25,6' 9.25'',6' 10.5'',9' 0.5'',237.2,7' 2.5'',-,-,-,-,-,-
2016,Cheick Diallo,PF,5.60%,8.5,9.75,6' 7.5'',6' 9'',8' 11.5'',218.6,7' 4.5'',11.24,3.3,3.26,31,35,-
2016,Kris Dunn,PG,-%,-,-,6' 3'',6' 4.25'',8' 4'',-,6' 9.5'',-,-,-,-,-,-
2016,Henry Ellenson,PF,11.20%,8.5,9.75,6' 10'',6' 11.5'',9' 0'',242,7' 2.25'',-,-,-,-,-,-
2016,Perry Ellis,PF,4.60%,8,8.5,6' 7'',6' 8.25'',8' 6'',217.8,6' 10.25'',10.73,3.03,3.13,32,38,-
2016,Kay Felder,PG,5.80%,8.25,8.5,5' 8.25'',5' 9.5'',7' 4.5'',177.2,6' 2.5'',11.52,2.9,3.15,35.5,44,-
2016,Dorian Finney-Smith,SF,6.45%,9,9.75,6' 6.5'',6' 7.75'',8' 9.5'',212.6,6' 11.75'',11.01,3.04,3.27,32.5,35.5,-
2016,Michael Gbinije,SG,5.40%,8,9,6' 5.5'',6' 6.75'',8' 5'',204.6,6' 7.5'',11,3.19,3.12,33.5,37.5,-
2016,Daniel Hamilton,SG-SF,5.95%,9,8.5,6' 6.25'',6' 8'',8' 7.5'',197,6' 9'',11.48,3.2,3.4,26,29,-
2016,Josh Hart,SG,5.75%,8.5,9.25,6' 4'',6' 5.5'',8' 3.5'',203.6,6' 8.5'',11.15,3.15,3.2,29.5,38.5,-
2016,Nigel Hayes,SF-PF,10.90%,8.5,9.5,6' 6.25'',6' 7.25'',8' 11.5'',245,7' 3'',12.11,2.9,3.2,25.5,28.5,-
2016,Buddy Hield,SG,6.10%,8.5,9,6' 3.75'',6' 5'',8' 5'',212.4,6' 9.25'',-,-,-,-,-,-
2016,Justin Jackson,SF,7.60%,8.75,8.75,6' 7'',6' 8.25'',8' 7.5'',193.4,6' 10.75'',11.32,2.96,3.26,29.5,34.5,-
2016,Demetrius Jackson,PG,6.50%,8.25,9,6' 0'',6' 1.25'',7' 9'',193.8,6' 5.5'',10.81,2.87,3.25,37.5,43.5,-
2016,Brice Johnson,PF,7.50%,9,8.25,6' 9'',6' 10.5'',8' 10.5'',208.6,7' 0.5'',11.88,2.94,3.2,33.5,38,-
2016,Damian Jones,C,6.55%,8.75,10.5,6' 10.25'',6' 11.5'',8' 11'',243.6,7' 3.75'',11.35,3.12,3.2,36,37,-
2016,Skal Labissiere,PF-C,5.70%,8.75,9,6' 10.5'',6' 11.75'',8' 9.5'',215.8,7' 2.5'',-,-,-,-,-,-
2016,Jake Layman,SF,7.10%,8.25,9.25,6' 8'',6' 9.25'',8' 6'',208.6,6' 9.25'',11.35,2.82,3.24,33,39.5,-
2016,Caris LeVert,SG,7.55%,8.5,9.25,6' 5.75'',6' 7'',8' 5'',191,6' 10'',-,-,-,-,-,-
2016,Marcus Lee,PF-C,5.35%,9,9,6' 9'',6' 10.25'',8' 11.5'',211,7' 3'',11.68,3.19,3.25,28.5,35.5,-
2016,Thon Maker,PF,6.05%,8.75,9.5,6' 11.75'',7' 0.75'',9' 2.5'',216,7' 3'',11.15,3.09,3.33,32,36.5,-
2016,Patrick McCaw,PG-SG,4.70%,8.75,8.75,6' 5.25'',6' 6.75'',8' 4.5'',180.8,6' 10'',11.01,2.97,3.3,30,38,-
2016,Malik Newman,SG,5.60%,8.25,9.25,6' 2.25'',6' 3.5'',8' 1.5'',182.2,6' 5.75'',10.88,3.11,3.28,30,35.5,-
2016,Georges Niang,PF,10.05%,9.25,9.25,6' 6.75'',6' 8.5'',8' 7'',230.8,6' 10'',11.64,3.17,3.49,25,31,-
2016,Chinanu Onuaku,C,8.55%,9,8,6' 9'',6' 10'',9' 0.5'',245.2,7' 2.75'',11.65,3,3.5,27.5,33.5,-
2016,Marcus Paige,PG,4.30%,7.75,8.75,6' 0.5'',6' 1.75'',8' 1'',163.8,6' 6.25'',10.82,2.69,3.15,33.5,39.5,-
2016,Gary Payton II,PG,3.95%,8.75,9.5,6' 2'',6' 3'',8' 3.5'',183.8,6' 8'',11.57,3.17,3.23,31.5,38.5,-
2016,Jakob Poeltl,C,5.80%,9.25,10.25,7' 0.25'',7' 1'',9' 3.5'',239,7' 2.75'',-,-,-,-,-,-
2016,Taurean Prince,SF,6.45%,9,8.5,6' 6.5'',6' 7.75'',8' 6'',220.2,6' 11.5'',10.96,2.8,3.24,34,36,-
2016,Zhou Qi,PF-C,4.85%,9.25,9.5,7' 1.25'',7' 2.25'',9' 4.5'',218.2,7' 7.75'',11.27,2.9,3.46,31.5,32,-
2016,Malachi Richardson,SG-SF,7.00%,8.75,10,6' 4.75'',6' 6.25'',8' 5.5'',199.6,7' 0'',10.56,3.25,3.33,33,38,-
2016,Wayne Selden,SG,7.30%,9,9.25,6' 4.25'',6' 5.75'',8' 5'',232.4,6' 10.5'',-,-,-,-,-,-
2016,Pascal Siakam,PF,5.20%,9.25,10,6' 8.25'',6' 9.5'',8' 11.5'',226.6,7' 3.25'',11.25,3.09,3.41,30.5,36.5,-
2016,Diamond Stone,C,12.85%,8.5,7.75,6' 9'',6' 10.25'',9' 0.5'',254.4,7' 2.75'',12.02,3.22,3.5,27,29.5,-
2016,Caleb Swanigan,PF,12.55%,9,10.25,6' 7.5'',6' 8.5'',8' 11'',246.6,7' 3.5'',12.8,-,-,26,29,-
2016,Melo Trimble,PG,8.35%,8,8.75,6' 1.25'',6' 2.5'',7' 8.5'',191.8,6' 2'',10.57,2.77,3.2,26.5,35.5,-
2016,Tyler Ulis,PG,5.20%,7.5,7.5,5' 8.75'',5' 10'',7' 4.5'',149.2,6' 2'',10.8,2.88,3.2,32.5,38,-
2016,Jarrod Uthoff,PF,6.00%,8.75,9,6' 8.5'',6' 9.75'',8' 8'',214.4,6' 11.5'',11.52,3.03,3.5,29,34.5,-
2016,Denzel Valentine,SG-SF,9.20%,8.5,9.75,6' 4'',6' 5.75'',8' 6'',210.4,6' 10.75'',10.51,3.22,3.46,27,32,-
2016,Isaiah Whitehead,PG-SG,9.25%,8.5,8.75,6' 3.25'',6' 4.5'',8' 4'',210,6' 8.75'',11.65,3.21,3.34,27.5,35.5,-
2016,Troy Williams,SF,10.00%,8.25,9.25,6' 5.75'',6' 6.75'',8' 6'',217.8,6' 8.25'',10.72,3.08,3.35,30,36,-
2016,Kyle Wiltjer,PF,15.25%,8.25,9.5,6' 8.75'',6' 10'',8' 6.5'',242.8,7' 0.25'',11.35,3.04,3.48,28.5,35.5,-
2016,Stephen Zimmerman,C,11.15%,9,9,6' 10.25'',6' 11.75'',9' 0.5'',234,7' 3.25'',12.08,3.16,3.43,26,31,-
2017,Edrice Adebayo,PF-C,5.20%,9.5,8.75,6' 8.75'',6' 9.75'',9' 0'',242.6,7' 2.75'',11.94,3.24,3.24,33.5,38.5,12
2017,Rawle Alkins,SG-SF,11.00%,8.75,10,6' 2.5'',6' 3.75'',8' 3'',222.6,6' 8.75'',11.99,3.18,3.3,31.5,40.5,7
2017,Jarrett Allen,C,7.40%,9.5,10.5,6' 9'',6' 10.25'',9' 1.5'',233.6,7' 5.25'',11.82,3,3.21,31.5,35.5,4
2017,Kadeem Allen,PG,6.40%,8.5,8.75,6' 1'',6' 2.25'',8' 3.5'',192.4,6' 9.25'',11.24,2.98,3.15,33,35.5,7
2017,Ike Anigbogu,C,5.40%,9.5,10,6' 8.5'',6' 9.75'',9' 2.5'',252.2,7' 6.25'',12.52,3.48,3.44,29.5,32.5,11
2017,OG Anunoby,SF,6.80%,9.25,9.5,6' 6.25'',6' 7.75'',8' 11.5'',232.4,7' 2.25'',-,-,-,-,-,-
2017,Jamel Artis,SG-SF,11.90%,9.25,9.75,6' 5.5'',6' 6.75'',8' 9'',213.2,6' 10'',11.62,3.08,3.44,23.5,31,5
2017,Dwayne Bacon,SG-SF,7.90%,8.75,10,6' 4.75'',6' 6.25'',8' 7.5'',221.6,6' 10'',11.7,3.22,3.22,30,36.5,8
2017,V.J. Beachem,SG-SF,6.80%,8.5,9,6' 6.25'',6' 8'',8' 8.5'',193.4,6' 10.25'',11.18,3.19,3.26,30,37,11
2017,Jordan Bell,PF,5.40%,9.25,9.5,6' 7'',6' 8.5'',8' 8.5'',223.6,6' 11.75'',10.63,2.83,3.21,31.5,38,16
2017,Jaron Blossomgame,SF,5.70%,8.75,10.25,6' 5.75'',6' 6.75'',8' 8.5'',218.6,6' 10'',11.47,3.35,3.17,31,35.5,16
2017,Chris Boucher,PF,5.40%,9.25,10.5,6' 8'',6' 9.5'',9' 2.5'',182.2,7' 4'',-,-,-,-,-,-
2017,Tony Bradley,C,12.00%,9.5,9.5,6' 9.25'',6' 10.75'',9' 4.5'',248.8,7' 5'',11.79,2.99,3.44,24.5,27.5,5
2017,Isaiah Briscoe,PG,11.00%,9,9.25,6' 1.25'',6' 2.75'',8' 3.5'',222.4,6' 9'',10.95,2.85,3.38,28,33.5,11
2017,Dillon Brooks,SG-SF,7.50%,8.25,9.25,6' 5'',6' 6'',8' 4.5'',220.2,6' 6'',11.14,3.24,3.21,31,37.5,16
2017,Thomas Bryant,PF-C,9.40%,9.5,10.25,6' 9.5'',6' 10.75'',9' 4.5'',247.8,7' 6'',11.42,3.12,3.37,25.5,33,7
2017,Zach Collins,PF-C,8.90%,8.75,9.25,6' 10.25'',7' 0'',9' 3'',232.2,7' 1'',-,-,-,-,-,-
2017,John Collins,PF,5.40%,9,10,6' 8.25'',6' 9.5'',8' 10.5'',225.2,6' 11.25'',11.66,3.27,3.27,33,37.5,15
2017,Hamidou Diallo,SG-SF,5.20%,8.5,9.5,6' 3.75'',6' 5'',8' 5.5'',197.4,6' 11.25'',10.88,2.79,3.11,34.5,44.5,-
2017,Tyler Dorsey,SG,4.70%,8.5,9.25,6' 3'',6' 4.5'',8' 3.5'',182.6,6' 5.25'',10.55,2.98,3.16,30.5,36,8
2017,Damyean Dotson,SG-SF,5.30%,8.5,9.25,6' 4.5'',6' 5.5'',8' 4'',205.2,6' 9'',11.18,3.03,3.13,31.5,38,13
2017,PJ Dozier,SG,6.10%,8.5,9.5,6' 5.25'',6' 6.75'',8' 5'',200.6,6' 11'',10.84,2.98,3.15,34,39,9
2017,Jawun Evans,PG,9.10%,8,7.75,5' 10.75'',5' 11.5'',7' 11'',185.2,6' 5.5'',11.34,3.26,3.21,27.5,33.5,1
2017,Terrance Ferguson,SG-SF,5.80%,8.5,10,6' 5.5'',6' 7'',8' 7'',184.4,6' 8.75'',11.16,3.22,3.32,28.5,38,-
2017,De?Aaron Fox,PG,4.50%,8.5,8.5,6' 2'',6' 3.25'',8' 4'',169.6,6' 6.5'',-,-,-,-,-,-
2017,Markelle Fultz,PG,-%,-,-,,,,-,,-,-,-,-,-,-
2017,Harry Giles,PF,5.20%,9.5,10.75,6' 9.25'',6' 10.5'',9' 1.5'',232,7' 3.25'',11.08,3,3.34,27,32.5,5
2017,Josh Hart,SG-SF,5.80%,8.5,9.5,6' 3.75'',6' 5'',8' 5'',209.2,6' 8.25'',11.15,3.02,3.18,27.5,35.5,9
2017,Nigel Hayes,PF,11.50%,8.75,10,6' 6.25'',6' 7.5'',8' 8.5'',254.2,7' 3.25'',11.81,2.94,3.27,29,33.5,16
2017,Isaiah Hicks,PF,7.70%,8.75,9.75,6' 7.25'',6' 8.5'',8' 9'',233.4,7' 0.5'',12.31,3.31,3.36,31.5,37,11
2017,Wesley Iwundu,SG-SF,4.00%,8.75,9.5,6' 5.5'',6' 6.75'',8' 9.5'',193.4,7' 1'',11.25,3.23,3.36,31.5,36,5
2017,Frank Jackson,PG,6.70%,8.25,9,6' 2'',6' 3.5'',8' 2'',201.6,6' 7.5'',10.94,2.7,3.14,34.5,42,9
2017,Justin Jackson (UMD),SF,7.10%,9,9.5,6' 5.75'',6' 7'',8' 11'',219.4,7' 3.25'',11.78,3.08,3.43,26.5,31.5,-
2017,Justin Jackson (UNC),SF,8.10%,8.75,9.25,6' 7'',6' 8.25'',8' 8.5'',200.8,6' 11'',10.8,3.06,3.3,29.5,35.5,-
2017,Peter Jok,SG-SF,11.00%,8.25,9.5,6' 4.25'',6' 5.75'',8' 6'',202.4,6' 8'',11.34,2.93,3.41,26.5,31,-
2017,Luke Kennard,SG-SF,6.60%,8,8.75,6' 4.5'',6' 5.5'',8' 2.5'',196.2,6' 5.25'',-,-,-,-,-,-
2017,Kyle Kuzma,SF-SG,9.40%,8.5,9.5,6' 8'',6' 9.5'',8' 11.5'',222.6,7' 0.25'',10.72,2.98,3.25,27,34,12
2017,TJ Leaf,PF,6.80%,8.5,9.5,6' 8.75'',6' 9.75'',8' 11'',222.2,6' 11'',11.55,3.27,3.27,29,34.5,6
2017,Tyler Lydon,PF,13.60%,8.75,8.75,6' 8.25'',6' 9.5'',8' 11.5'',215,7' 0'',11.68,2.81,3.46,29.5,33.5,1
2017,Frank Mason III,PG,4.30%,8,9.25,5' 11'',6' 0'',7' 10'',188.8,6' 3.25'',11.41,3.09,3.18,34,41,15
2017,Kennedy Meeks,C,11.50%,8.75,8.75,6' 8.75'',6' 10.25'',8' 10'',276.6,7' 1'',12.91,3.35,3.5,28,30.5,15
2017,Donovan Mitchell,SG,5.90%,8.5,9.5,6' 1.25'',6' 3'',8' 1'',211.4,6' 10'',11.53,3.07,3.01,36.5,40.5,10
2017,Monte Morris,PG,6.90%,8.25,8.75,6' 1.25'',6' 2.5'',8' 0.5'',175.2,6' 4'',11,3.2,3.19,28,33.5,8
2017,Johnathan Motley,PF,-%,9,9.5,6' 7.75'',6' 8.75'',9' 0'',238.2,7' 4'',-,-,-,-,-,-
2017,Svi Mykhailiuk,SG-SF,11.40%,8,9.25,6' 6.5'',6' 7.5'',8' 4'',219.6,6' 5'',12.4,3.25,3.53,27,33,8
2017,Semi Ojeleye,SF-SG,5.50%,8.75,9.5,6' 5.25'',6' 6.75'',8' 6'',241.4,6' 9.75'',10.58,3.07,3.16,35,40.5,19
2017,Cameron Oliver,PF,7.70%,9.5,10.25,6' 7'',6' 8.25'',8' 10.5'',238.6,7' 1.25'',12.17,3.31,3.16,28,39.5,5
2017,Justin Patton,C,7.80%,8.75,9.75,6' 10'',6' 11.25'',9' 3.5'',229,7' 3'',11.8,3.31,3.46,26,30.5,-
2017,Alec Peters,PF,8.80%,8.75,10,6' 7.25'',6' 8.75'',8' 9'',232,6' 10.75'',-,-,-,-,-,-
2017,Ivan Rabb,PF,6.80%,8.75,9,6' 8.75'',6' 10'',9' 1'',219.6,7' 1.5'',12.68,3.23,3.35,28.5,32.5,3
2017,Davon Reed,SG-SF,6.50%,9.25,9.5,6' 4.5'',6' 5.5'',8' 6'',206.2,7' 0'',11.37,3.21,3.34,28.5,36,12
2017,Devin Robinson,SF,3.20%,9.25,10.25,6' 7'',6' 8.25'',8' 10'',189.6,7' 0.75'',12.85,3.61,3.23,35.5,41.5,10
2017,Kobi Simmons,PG,5.00%,8.5,9.5,6' 3.25'',6' 4.5'',8' 3'',166.2,6' 6'',11.15,2.98,3.18,30.5,38.5,3
2017,Edmond Sumner,PG,8.30%,8.25,9,6' 4'',6' 5.75'',8' 6.5'',176.4,6' 9'',-,-,-,-,-,-
2017,Caleb Swanigan,PF,-%,9.5,10.25,6' 7.5'',6' 8.5'',9' 0'',245.6,7' 3'',-,-,-,-,-,-
2017,Sindarius Thornwell,SG-SF,7.80%,8.75,8.75,6' 3.5'',6' 4.75'',8' 7'',211.6,6' 10'',11.48,3.03,3.36,27,30.5,15
2017,Melo Trimble,PG,10.60%,8,8.75,6' 1.25'',6' 2.5'',7' 11.5'',195.2,6' 2'',10.75,2.92,3.27,24.5,32,6
2017,Moritz Wagner,PF,6.70%,8.75,10.75,6' 10'',6' 11.25'',9' 0'',231.2,7' 0'',12,2.98,3.35,25.5,32.5,-
2017,Derrick Walton Jr.,PG,5.80%,8,8.5,5' 11'',6' 0.75'',7' 11'',188.6,6' 2.5'',11.28,3.12,3.29,26,32.5,9
2017,Thomas Welsh,PF-C,10.90%,9,10.5,6' 11.5'',7' 0.5'',9' 1.5'',254,7' 0'',-,-,-,-,-,11
2017,Derrick White,PG,6.20%,8.25,8.5,6' 3.25'',6' 4.5'',8' 5.5'',189.8,6' 7.5'',10.84,2.92,3.08,31,36.5,10
2017,Nigel Williams-Goss,PG,5.60%,8.75,9.25,6' 1.5'',6' 3'',8' 3'',190.2,6' 7.25'',10.42,3.08,3.19,27.5,34.5,10
2017,D.J. Wilson,PF,6.40%,9.25,10.25,6' 8.75'',6' 10.5'',9' 1.5'',234.4,7' 3'',-,-,-,-,-,-
2017,Omer Yurtseven,C,7.60%,9,10.5,6' 10.5'',6' 11.75'',9' 0.5'',248.4,7' 1'',12.85,3.3,3.45,26,31.5,6
2018,Rawle Alkins,SG,8.90%,8.5,10,6' 2.75'',6' 4.25'',8' 3'',217.4,6' 8.75'',11.5,3.09,3.15,32.5,40.5,10
2018,Grayson Allen,SG,5.55%,8.25,10,6' 3'',6' 4.5'',8' 1'',198,6' 7.25'',10.31,3.04,3.15,32.5,40.5,-
2018,Kostas Antetokounmpo,PF,5.00%,9.25,9.5,6' 9'',6' 10.5'',9' 2'',194.8,7' 2.25'',12.48,3.48,3.21,29.5,35,-
2018,Udoka Azubuike,C,7.95%,9.5,10,6' 10'',7' 0.25'',9' 4.5'',273.8,7' 7'',12.97,3.65,3.12,31,31.5,11
2018,Mohamed Bamba,C,6.20%,9.75,10.25,6' 11.25'',7' 0.75'',9' 7.5'',225.6,7' 10'',-,-,-,-,-,-
2018,Jaylen Barford,PG-SG,11.65%,8,8.25,6' 1.25'',6' 2.25'',8' 0.5'',207.6,6' 3.5'',11.39,3.21,3.31,27,33,7
2018,Keita Bates-Diop,SG-SF,5.35%,9,8.5,6' 7.25'',6' 8.5'',8' 10.5'',223.8,7' 3.25'',11.2,3.28,3.17,30.5,35,11
2018,Tyus Battle,SG,4.00%,8.5,9.25,6' 5'',6' 6.75'',8' 6'',200.2,6' 9'',11.04,2.87,3.07,32,37.5,9
2018,Brian Bowen,SG-SF,7.60%,9,10,6' 6.25'',6' 7.5'',8' 7.5'',202,6' 10.25'',11.58,3.33,3.28,30.5,34,-
2018,Miles Bridges,SF,5.90%,9,9.75,6' 5.25'',6' 6.75'',8' 7.5'',220.4,6' 9.5'',-,-,-,-,-,-
2018,Bruce Brown,SG-PG,3.75%,8.5,8.5,6' 3.5'',6' 5'',8' 2.5'',194.6,6' 9'',11.11,3.44,3.2,32.5,38,17
2018,Troy Brown,SF,7.05%,9,9.75,6' 5.75'',6' 6.75'',8' 9'',208,6' 10.25'',11.51,3.29,3.33,26,33,5
2018,Jalen Brunson,PG,6.70%,8.25,9.25,6' 1'',6' 2.25'',8' 0'',198.4,6' 4'',10.59,3.11,3.15,29,37,7
2018,Tony Carr,PG,6.50%,8.5,9.75,6' 3'',6' 4.5'',8' 4'',198.8,6' 8.25'',11.89,3.4,3.17,25,31.5,-
2018,Jevon Carter,PG,4.15%,9.25,8.5,6' 0.25'',6' 1.5'',7' 11'',196.2,6' 4.25'',11.04,3.05,3.18,29,36.5,14
2018,Wendell Carter,C-PF,7.85%,8.5,9,6' 8.75'',6' 10'',9' 1'',251.4,7' 4.5'',-,-,-,-,-,-
2018,Donte DiVincenzo,SG,5.00%,8.25,9,6' 3.5'',6' 4.5'',8' 1.5'',200.6,6' 6'',10.72,3.12,3.11,34.5,42,12
2018,Hamidou Diallo,SG,4.45%,8.75,9,6' 4.25'',6' 6'',8' 7'',197,6' 11.5'',10.53,3.14,3.1,32.5,40.5,1
2018,Trevon Duval,PG,5.20%,8.75,10,6' 1.5'',6' 2.5'',8' 1.5'',191,6' 8.25'',10.93,3.09,3.18,34,41.5,6
2018,Carsen Edwards,PG,6.30%,8.5,9.25,5' 10.75'',6' 0'',7' 10.5'',195.6,6' 6.25'',11.59,3.15,3.2,28.5,34.5,12
2018,Keenan Evans,PG,6.50%,8.5,8,6' 1.5'',6' 3'',8' 2'',183.2,6' 5.25'',-,-,-,-,-,-
2018,Jacob Evans,SG-SF,6.50%,9,9.25,6' 4.25'',6' 5.5'',8' 6.5'',199.6,6' 9.25'',11.11,3.14,3.2,28,35.5,8
2018,Bruno Fernando,C,5.25%,9.5,10,6' 8.75'',6' 9.75'',9' 1'',233.2,7' 4.25'',12.19,3.03,3.23,29,35,11
2018,Melvin Frazier,SF-SG,7.90%,9.5,9.5,6' 4.5'',6' 6'',8' 9'',198.2,7' 1.75'',11.24,3.08,3.08,31,40.5,-
2018,Shai Gilgeous-Alexander,PG,3.00%,9,9,6' 4.5'',6' 6'',8' 8'',180,6' 11.5'',-,-,-,-,-,-
2018,Devonte Graham,PG,4.80%,8.5,9.5,6' 0.25'',6' 1.5'',8' 0'',186.4,6' 6.25'',11.28,3.15,3.21,31,37,14
2018,Isaac Haas,C,12.55%,10,10.5,7' 1.25'',7' 2.75'',9' 3.5'',303,7' 5'',-,-,-,-,-,-
2018,Devon Hall,SG,8.45%,8.5,10,6' 4.25'',6' 6'',8' 6'',206.4,6' 7.75'',10.95,3.16,3.27,25,31,6
2018,Jaylen Hands,PG,5.00%,8,8,6' 1.5'',6' 2.75'',8' 2'',179,6' 5.5'',12.11,3.16,3.13,31.5,39.5,6
2018,Kevin Hervey,PF,5.15%,9.25,10.25,6' 6.5'',6' 7.75'',8' 11'',211.6,7' 3.5'',11.28,3.15,3.36,27.5,32,4
2018,Aaron Holiday,PG,6.40%,8.75,8.5,5' 11.75'',6' 0.75'',8' 1'',187,6' 7.5'',10.96,3.22,3.27,25.5,33,-
2018,Kevin Huerter,SG,8.60%,8.25,8.5,6' 6.25'',6' 7.25'',8' 5.5'',194,6' 7.5'',10.89,2.97,3.09,31,38,9
2018,Jaren Jackson,PF-C,7.20%,10,10,6' 9.75'',6' 11.25'',9' 2'',236,7' 5.25'',-,-,-,-,-,-
2018,Justin Jackson,PF,8.90%,9,9.5,6' 6'',6' 6.75'',8' 9'',229.4,7' 3'',-,-,-,-,-,-
2018,Alize Johnson,PF,8.10%,8.5,9.75,6' 7.25'',6' 8'',8' 7'',216.6,6' 8.75'',11.83,3.28,3.38,25,31,8
2018,George King,SF-SG,7.25%,9,10.25,6' 4.75'',6' 6'',8' 5.5'',218.6,6' 11.5'',10.75,3.08,3.29,31,39,15
2018,Kevin Knox,SF,4.95%,8.75,9.25,6' 7.75'',6' 9'',9' 0'',212.6,6' 11.75'',-,-,-,-,-,-
2018,Sagaba Konate,C,7.35%,9.25,10,6' 6.5'',6' 7.5'',8' 10.5'',246,7' 0'',12.28,3.36,3.28,31.5,35,12
2018,Caleb Martin,SF-SG,7.00%,8.5,8.75,6' 4.75'',6' 6'',8' 5.5'',195.8,6' 10'',10.43,2.75,3.26,29,36.5,6
2018,Cody Martin,SG-SF,5.45%,8.5,9,6' 4.75'',6' 6'',8' 6.5'',188.6,6' 10.25'',10.64,3.05,3.09,29,36.5,4
2018,Yante Maten,PF-C,8.10%,9.25,10,6' 7.25'',6' 8.5'',8' 11.5'',246.2,7' 0.5'',11.35,3.13,3.17,27,31.5,18
2018,Brandon McCoy,C,8.70%,9.75,9.5,6' 11.5'',7' 0.5'',9' 2.5'',250.4,7' 2'',11.77,3.31,3.23,27.5,32,9
2018,DeAnthony Melton,SG-PG,5.20%,8.5,9.5,6' 2.25'',6' 3.25'',8' 3.5'',193.2,6' 8.5'',11.48,3.33,3.23,31,36.5,1
2018,Chimezie Metu,PF-C,5.05%,9,9.25,6' 8.5'',6' 9.5'',9' 0'',219.6,7' 0.5'',11.89,3.25,3.33,29.5,36,5
2018,Shake Milton,SG-PG,6.80%,8.75,9.5,6' 4.5'',6' 5.5'',8' 3.5'',207.2,7' 0.75'',11.07,3.19,3.25,30,33,2
2018,Sviatoslav Mykhailiuk,SG-SF,8.45%,8.25,9.5,6' 6.5'',6' 7.75'',8' 4'',211.6,6' 4.75'',11.25,3.18,3.15,30.5,37,4
2018,Malik Newman,SG,6.25%,8.5,9.5,6' 2.5'',6' 3.25'',8' 2.5'',189.2,6' 5.5'',10.9,3.18,3.13,27.5,33.5,-
2018,Josh Okogie,SG,5.20%,9,9.75,6' 3'',6' 4.5'',8' 6'',210.8,7' 0'',11.08,3.03,3.04,33,42,12
2018,Theo Pinson,SG-SF,7.35%,9,9,6' 5'',6' 6.75'',8' 7.5'',211.2,6' 10.75'',11.53,3.11,3.22,27,34,7
2018,Jontay Porter,C-PF,13.85%,8.75,9.5,6' 10'',6' 11.5'',9' 1'',236,7' 0.25'',11.9,3.07,3.4,25.5,31,9
2018,Michael Porter,SF-PF,6.40%,8.75,9.25,6' 9.5'',6' 10.75'',9' 0.5'',211,7' 0.25'',-,-,-,-,-,-
2018,Billy Preston,PF,5.45%,9.25,9.5,6' 8.75'',6' 10.5'',9' 0'',222.4,7' 2'',11.26,3.35,3.2,25,33,-
2018,Jerome Robinson,SG,6.05%,9,10,6' 4'',6' 5'',8' 2'',188.4,6' 7.25'',-,-,-,-,-,-
2018,Collin Sexton,PG,5.60%,8.25,8.5,6' 0.5'',6' 1.5'',8' 2.5'',183,6' 7.25'',-,-,-,-,-,-
2018,Landry Shamet,PG,4.85%,8,9,6' 4'',6' 5.25'',8' 4'',188.6,6' 6.75'',11.26,3.21,3.11,31,39.5,8
2018,Anfernee Simons,SG-PG,7.70%,8.75,9,6' 2.25'',6' 3.25'',8' 3.5'',183.2,6' 9.25'',11.27,3.16,3.1,32,41.5,1
2018,Zhaire Smith,SF-SG,6.05%,8.75,8.25,6' 2.75'',6' 4'',8' 4'',198.6,6' 9.75'',11.02,3.15,3.05,33,41.5,10
2018,Ray Spalding,PF,5.55%,9.25,9,6' 9'',6' 10.25'',9' 1'',215.4,7' 4.75'',11.48,3.2,3.34,26,32,12
2018,Omari Spellman,PF-C,13.75%,9,9,6' 8'',6' 9.25'',8' 11.5'',253.8,7' 2'',12.28,3.35,3.38,28.5,35.5,8
2018,Khyri Thomas,SG,6.40%,8.75,9.25,6' 2.5'',6' 3.75'',8' 5'',198.8,6' 10.5'',10.96,3.18,3.18,30,35,14
2018,Gary Trent,SG,7.00%,8.5,9.5,6' 4.25'',6' 5.75'',8' 2'',204.2,6' 8.75'',11.37,2.99,3.12,33.5,39.5,12
2018,Allonzo Trier,SG,4.95%,8.25,10.5,6' 3.75'',6' 5.25'',8' 2'',198,6' 6.75'',11.02,2.97,3.14,32,40,11
2018,Moritz Wagner,C-PF,6.75%,9,10.75,6' 10.5'',6' 11.5'',9' 0'',241.4,7' 0'',11.48,3.07,3.18,27,34,8
2018,Lonnie Walker,SG,5.65%,9,9.5,6' 3.75'',6' 4.5'',8' 3.5'',196.2,6' 10.25'',10.87,2.91,3.06,31.5,40,12
2018,PJ Washington,PF,6.85%,9,10.25,6' 6.5'',6' 8'',8' 11'',223,7' 2.5'',11.39,3.43,3.2,27,34,3
2018,Austin Wiley,C,5.00%,9.75,10.25,6' 8.25'',6' 10'',9' 3'',249.4,7' 5'',12.79,3.27,3.3,28,33.5,14
2018,Kris Wilkes,SF,5.15%,8.75,9.25,6' 6.5'',6' 7.5'',8' 7.5'',205,6' 10.25'',11.29,3.16,3.24,28,35.5,1
2018,Kenrich Williams,SF,5.95%,8.5,9.75,6' 6'',6' 7.5'',8' 7.5'',200.4,6' 7.25'',10.86,3.28,3.19,28,33,14
2018,Trae Young,PG,5.35%,8,9.25,6' 0.5'',6' 1.75'',7' 11.5'',177.8,6' 3'',-,-,-,-,-,-
2019,Nickeil Alexander-Walker,SG,5.90%,8.5,8.75,6' 4.25'',6' 5.5'',8' 6'',203.8,6' 9.5'',-,-,-,-,-,-
2019,RJ Barrett,SF,-%,-,-,,,,-,,-,-,-,-,-,-
2019,Charles Bassey,C,8.50%,9.25,9.5,6' 8.75'',6' 10'',9' 1.5'',239,7' 3.5'',12.65,3.27,3.53,29,33,7
2019,Darius Bazley,PF,3.60%,9,9.75,6' 7.75'',6' 9'',8' 11'',208.4,7' 0'',11.09,2.95,3.27,30.5,37,4
2019,Bol Bol,C,7.10%,9.25,9.5,7' 0.75'',7' 2.5'',9' 7.5'',208,7' 7'',-,-,-,-,-,-
2019,Jordan Bone,SG,5.00%,7.5,9.25,6' 1.5'',6' 2.75'',7' 11'',179,6' 3.25'',9.97,2.78,3.08,36,42.5,7
2019,Brian Bowen II,SF,6.50%,8.5,9.75,6' 6.25'',6' 7.5'',8' 7'',200,6' 10'',10.98,3.21,3.26,32,35.5,1
2019,Ky Bowman,PG,4.90%,8.25,9,6' 1'',6' 2.25'',8' 2'',181.2,6' 7'',11.11,3.11,3.26,27.5,33,4
2019,Ignas Brazdeikis,SF,6.00%,8.75,9.5,6' 5.75'',6' 7.25'',8' 6'',220.8,6' 9.25'',11.06,3.17,3.36,31,36.5,13
2019,O'Shae Brissett,SF-PF,2.90%,9,9.5,6' 7'',6' 8'',8' 8'',203.2,7' 0'',11.3,3.18,3.48,34,37.5,11
2019,Moses Brown,C,7.80%,9.5,10.25,7' 1.25'',7' 2.5'',9' 5'',237.2,7' 4.75'',11.95,3.3,3.51,27,31,-
2019,Brandon Clarke,SF,4.90%,8.25,9.5,6' 7.25'',6' 8.25'',8' 6'',207.2,6' 8.25'',10.61,3.05,3.15,34,40.5,10
2019,Nicolas Claxton,C,4.50%,9.25,9.5,6' 10'',6' 11.75'',9' 2'',216.6,7' 2.5'',11.26,3.47,3.36,31.5,36.5,8
2019,Tyler Cook,PF,6.10%,9.5,10.75,6' 7.25'',6' 8.75'',8' 10.5'',245.4,7' 0.5'',11.32,3.1,3.28,27.5,32,11
2019,Jarrett Culver,SG,5.00%,8.25,8.5,6' 5.25'',6' 6.75'',8' 4.5'',194.2,6' 9.5'',-,-,-,-,-,-
2019,Terence Davis,SG,4.10%,9.25,10.75,6' 3'',6' 4.5'',8' 5'',192.4,6' 8.75'',10.69,2.96,3.28,29.5,34,13
2019,Luguentz Dort,PG,5.00%,8.5,9,6' 2.75'',6' 4.25'',8' 3.5'',222.2,6' 8.5'',10.79,3.13,3.22,32.5,38,14
2019,Devon Dotson,PG,5.90%,8.25,9.5,6' 0'',6' 2'',7' 11.5'',178.6,6' 3.25'',10.63,2.8,3.04,30,38.5,7
2019,Carsen Edwards,PG,5.50%,8.75,9,5' 10.75'',6' 0.25'',7' 10.5'',199.4,6' 6'',10.53,2.82,3.22,28.5,34,14
2019,Tacko Fall,C,6.80%,10.5,10.5,7' 5.25'',7' 7'',10' 2.5'',288.8,8' 2.25'',13.01,3.46,3.78,22,26.5,8
2019,Bruno Fernando,C,5.40%,9.25,10,6' 8.75'',6' 10.25'',9' 2'',237,7' 3.25'',11.29,3.05,3.21,29.5,33.5,13
2019,Daniel Gafford,PF,5.90%,9.25,9.25,6' 9.25'',6' 10.5'',9' 2'',237.6,7' 2.25'',11.61,3.19,3.25,32.5,36.5,5
2019,Darius Garland,PG,-%,-,-,,,,-,,-,-,-,-,-,-
2019,Quentin Grimes,SG,8.40%,8.25,10,6' 4'',6' 5.25'',8' 4.5'',209.6,6' 7.75'',10.83,3.28,3.2,27.5,36,6
2019,Kyle Guy,SG,5.70%,8,8.75,6' 0.75'',6' 2.25'',7' 11.5'',167.8,6' 4.5'',10.48,3.07,3.27,30.5,36.5,4
2019,Jaylen Hands,PG,5.10%,8,8.25,6' 1.5'',6' 3'',8' 1'',180.4,6' 5.5'',10.73,3.03,3.12,33,41.5,6
2019,Jared Harper,PG,3.90%,8.25,9.5,5' 9.75'',5' 11'',7' 10'',169.2,6' 5.5'',10.77,3.02,3.04,33.5,40.5,8
2019,Jaxson Hayes,PF,5.00%,9.25,10.5,6' 10.25'',6' 11.5'',9' 2.5'',218.6,7' 3.5'',11.74,3.23,3.37,27,34.5,5
2019,Dewan Hernandez,C,6.10%,9.5,10.25,6' 9'',6' 10.25'',8' 11'',232.8,7' 1.75'',11.46,3.25,3.28,30.5,35.5,13
2019,Tyler Herro,SG,7.10%,8,8.75,6' 4.5'',6' 6'',8' 4.5'',192.4,6' 3.25'',-,-,-,-,-,-
2019,Jalen Hoard,PF,6.70%,8.75,9.75,6' 7.25'',6' 9'',8' 9.5'',212.6,7' 0.75'',11.44,3.32,3.34,27.5,35.5,8
2019,Talen Horton-Tucker,SG,8.40%,9.5,9.75,6' 2.5'',6' 4'',8' 7'',235.4,7' 1.25'',11.34,3.43,3.34,26,34.5,10
2019,De'Andre Hunter,,-%,-,-,,,,-,,-,-,-,-,-,-
2019,DaQuan Jeffries,SF-PF,3.90%,9.5,10.25,6' 4'',6' 5'',8' 8'',215.6,6' 11.25'',-,-,-,-,-,-
2019,Ty Jerome,PG,6.50%,8.25,9.5,6' 4.25'',6' 5.5'',8' 2'',194.4,6' 4'',11.21,3.12,3.4,26,31.5,2
2019,Keldon Johnson,SG,5.60%,8,9.25,6' 4.75'',6' 6'',8' 8'',216.4,6' 9.25'',-,-,-,-,-,-
2019,Cameron Johnson,SG,5.80%,8,8.5,6' 7'',6' 8.5'',8' 7'',205.2,6' 10'',10.52,3.28,3.26,30.5,36.5,-
2019,Mfiondu Kabengele,PF,5.10%,9.25,10.75,6' 8.75'',6' 10.25'',9' 1.5'',256.2,7' 3'',11.21,3.3,3.25,28,35.5,6
2019,Louis King,SF,4.80%,8,8.5,6' 6.75'',6' 8'',8' 8.5'',195.2,7' 0.25'',10.99,3.05,3.28,29,33,-
2019,Romeo Langford,SG,-%,9,9,6' 4.5'',6' 6'',8' 7'',-,6' 11'',-,-,-,-,-,-
2019,Dedric Lawson,PF,8.90%,9.75,9.75,6' 7'',6' 8.5'',8' 11.5'',233,7' 2.25'',11.8,3.54,3.6,23.5,26,10
2019,Jalen Lecque,PG,4.00%,8.75,8.5,6' 2.5'',6' 4.25'',8' 2.5'',185.2,6' 8.5'',11.09,3.3,3.29,35,43,1
2019,Nassir Little,SF,5.90%,8.75,10,6' 4.5'',6' 6'',8' 8.5'',224.2,7' 1.25'',12.15,3.1,3.24,31,38.5,5
2019,Terance Mann,SG-SF,4.00%,9.5,9.25,6' 4.75'',6' 6.5'',8' 5'',204.6,6' 7.75'',11.51,3.14,3.3,32.5,38.5,6
2019,Cody Martin,PG-SG,5.00%,8.25,9,6' 4.75'',6' 5.5'',8' 6.5'',192.2,6' 10.25'',10.44,2.99,3.32,28,35.5,7
2019,Charles Matthews,SG,3.80%,8.5,8.75,6' 5'',6' 6.25'',8' 7'',194.8,6' 9.5'',11.26,3.24,3.38,29.5,37.5,9
2019,Jalen McDaniels,SF,5.70%,9,10,6' 8.25'',6' 9.75'',8' 9.5'',191.6,7' 0.25'',11.54,3.23,3.32,29.5,33.5,-
2019,Ja Morant,PG,-%,-,-,,,,-,,-,-,-,-,-,-
2019,Zach Norvell Jr.,SG,7.50%,8.5,9.5,6' 4.5'',6' 5.5'',8' 5'',206.4,6' 6'',11.6,3.34,3.43,24,30,-
2019,Jaylen Nowell,SG,6.10%,8.25,8.5,6' 3.25'',6' 4.25'',8' 2'',202.4,6' 7.25'',10.76,3.13,3.23,32,38.5,2
2019,Jordan Nwora,PF,7.80%,8.5,9.25,6' 5.75'',6' 7.5'',8' 7'',220,6' 10.5'',-,-,-,-,-,-
2019,Chuma Okeke,,-%,-,-,,,,-,,-,-,-,-,-,-
2019,KZ Okpala,SF,4.60%,9.25,9.25,6' 7.25'',6' 9.5'',8' 10.5'',209.6,7' 1.75'',10.88,3.13,3.38,30.5,37,9
2019,Miye Oni,SG,4.90%,9,10,6' 4.25'',6' 5.75'',8' 4.5'',205.6,6' 10.75'',11.71,3.12,3.17,30.5,38.5,19
2019,Eric Paschall,SF,6.30%,9,9.5,6' 6'',6' 7.25'',8' 7.5'',254.4,6' 11.75'',11.63,3.26,3.3,33,38,18
2019,Reggie Perry,SF-PF,6.70%,9,10,6' 8'',6' 9.25'',8' 10'',250.8,7' 0.5'',12.46,3.4,3.3,28.5,31.5,15
2019,Shamorie Ponds,PG,9.80%,7.75,8,5' 11.5'',6' 0.5'',8' 0.5'',180,6' 3.5'',11.01,3.07,3.2,29,37,-
2019,Jordan Poole,SG,7.50%,8.25,8.5,6' 3.5'',6' 5.5'',8' 3.5'',190.8,6' 6.75'',10.59,3.14,3.27,28,35.5,-
2019,Jontay Porter,PF,8.50%,8.75,9.5,6' 9.75'',6' 11'',9' 1.5'',210.4,7' 0'',-,-,-,-,-,-
2019,Kevin Porter Jr.,SG,5.10%,8.75,8.75,6' 4'',6' 5.5'',8' 7'',212.6,6' 9'',10.82,3.03,3.14,27,34,2
2019,Neemias Queta,C,6.30%,9.5,11,6' 10.75'',7' 0.25'',9' 3.5'',225.8,7' 4.25'',12.04,3.45,3.73,24,32.5,1
2019,Cameron Reddish,SF,4.70%,9,9,6' 6.5'',6' 8'',8' 9.5'',207.8,7' 0.5'',-,-,-,-,-,-
2019,Naz Reid,PF,14.00%,9.5,9.25,6' 8.75'',6' 9.5'',9' 1'',255.8,7' 3.25'',12.03,3.76,3.42,26,32.5,3
2019,Isaiah Roby,PF,3.90%,9,10.5,6' 7.25'',6' 8.5'',8' 10'',214,7' 1'',10.63,3.05,3.25,32.5,35.5,9
2019,Luka Samanic,PF,5.60%,8.5,9,6' 9.5'',6' 11'',8' 11'',227.2,6' 10.5'',11.01,3.03,3.27,27,38,7
2019,Admiral Schofield,SF,6.80%,8.75,9,6' 4'',6' 5.25'',8' 6.5'',240.6,6' 9.75'',10.77,2.87,3.37,30,34,15
2019,Marial Shayok,SF-PF,4.70%,8.75,9.25,6' 4.5'',6' 5.5'',8' 7.5'',196.8,7' 0.25'',11.16,3.04,3.37,29.5,36.5,9
2019,Simisola Shittu,PF,6.20%,8.75,8.5,6' 8.5'',6' 9.5'',8' 10'',227.2,7' 1.25'',11.85,3.24,3.3,27,35.5,11
2019,Killian Tillie,,-%,-,-,,,,-,,-,-,-,-,-,-
2019,P.J. Washington,PF,8.60%,9,10.25,6' 6.5'',6' 8'',8' 10.5'',230.4,7' 2.25'',-,-,-,-,-,-
2019,Tremont Waters,PG,6.60%,8,9.75,5' 9.5'',5' 10.75'',7' 9.5'',172.4,6' 2.25'',10.76,3.11,3.07,30.5,40.5,5
2019,Quinndary Weatherspoon,SG,6.10%,8.5,9,6' 3'',6' 4.25'',8' 4'',206.6,6' 9'',11.57,3.15,3.16,31,38,-
2019,Coby White,PG,4.30%,7.75,9,6' 3.5'',6' 4.75'',8' 1.5'',191.4,6' 5'',-,-,-,-,-,-
2019,Kris Wilkes,SF,4.90%,8.5,9.5,6' 6.25'',6' 7.75'',8' 7'',208.8,6' 10.75'',10.39,3.09,3.34,27.5,35,4
2019,Grant Williams,PF,5.40%,9,10.5,6' 5.75'',6' 7.5'',8' 8.5'',240.2,6' 9.75'',10.83,3.27,3.33,26,31.5,20
2019,Zion Williamson,PF,-%,-,-,,,,-,,-,-,-,-,-,-
2019,Dylan Windler,SF,4.60%,8.25,9.5,6' 6.25'',6' 7.5'',8' 8.5'',195.8,6' 10'',10.7,2.94,3.3,29,37.5,8
2020,Precious Achiuwa,PF,6.70%,9,10,6'7.50'',6'8.75'',9'0.50'',234,7'0.75'',-,-,-,-,-,-
2020,Ty-Shon Alexander,SG,12.30%,8.75,8.75,6'2.00'',6'4.00'',8'4.00'',200.8,6'8.00'',11.33,2.47,3.26,28,33,-
2020,Udoka Azubuike,C,9.61%,9.25,10,6'10.00'',6'11.50'',9'1.00'',259.5,7'7.25'',11.82,3.61,3.23,37,41,-
2020,Tyler Bey,PF,5.00%,8.5,9,6'6.00'',6'7.00'',8'9.50'',212.8,7'1.25'',11.35,2.75,3.17,37,43.5,-
2020,Yoeli Childs,PF,8.20%,8.75,10,6'6.00'',6'7.00'',8'10.00'',226.4,6'11.50'',10.87,2.42,3.22,34,38.5,-
2020,Mamadi Diakite,PF,7.83%,9,10.25,6'8.50'',6'10.25'',8'11.00'',222.1,7'3.75'',11.95,2.71,3.16,28,37,-
2020,Devon Dotson,PG,4.60%,8.25,10,6'0.50'',6'1.75'',7'11.00'',185.2,6'3.00'',10.44,2.22,3.02,31.5,40.5,-
2020,Paul Eboua,SF-PF,3.80%,9,10.25,6'6.00'',6'7.50'',9'0.00'',222.2,7'3.50'',10.79,2.44,3.19,33,35.5,-
2020,CJ Elleby,SG-SF,4.20%,8.75,10,6'5.50'',6'6.25'',8'4.50'',198.6,6'7.25'',11.25,2.63,3.25,30.5,36.5,-
2020,Trent Forrest,PG,5.65%,9,9.75,6'3.50'',6'4.75'',8'6.50'',203,6'7.50'',11.04,2.5,3.18,28,34.5,-
2020,Josh Green,SG-SF,6.80%,8,8.75,6'4.50'',6'5.50'',8'5.50'',214,6'9.75'',10.64,2.28,3.12,30.5,39.5,-
2020,Ashton Hagans,PG,4.10%,9,9,6'1.50'',6'2.50'',8'3.50'',193,6'8.00'',10.82,2.5,3.13,29.5,36.5,-
2020,Joshua Hall,SF,7.60%,8.75,9.5,6'6.00'',6'7.50'',8'8.50'',196.6,6'11.00'',12.16,2.62,3.38,31.5,37.5,-
2020,Jalen Harris,SG,4.40%,8.25,9.5,6'2.75'',6'4.25'',8'1.50'',193.4,6'7.00'',10.59,2.49,3.11,37.5,42.5,-
2020,Markus Howard,PG,9.91%,8.5,7.75,5'9.50'',5'11.00'',7'7.50'',170.8,6'0.25'',11.21,3.17,3.11,30.5,35.5,-
2020,Elijah Hughes,SF-SG,10.20%,8.5,8.75,6'4.75'',6'6.50'',8'5.50'',229,6'7.50'',-,-,-,-,-,-
2020,Isaiah Joe,SG,4.70%,8.25,8.25,6'3.00'',6'4.50'',8'5.00'',170.4,6'7.50'',-,-,-,-,-,-
2020,Mason Jones,SG,8.90%,8.75,8.5,6'3.75'',6'5.75'',8'6.50'',207.2,6'7.00'',10.6,2.49,3.33,24,31,-
2020,Nathan Knight,PF-C,8.20%,9,9.5,6'8.00'',6'9.75'',9'1.50'',235,7'2.00'',11.56,2.96,3.31,23,31.5,-
2020,Theo Maledon,PG,2.80%,8.5,10,6'4.00'',6'5.00'',8'4.50'',187.4,6'8.75'',-,-,-,-,-,-
2020,Karim Mane,PG-SG,3.73%,8.5,9.75,6'5.00'',6'6.00'',8'6.00'',196,6'11.00'',11.52,2.64,3.04,31,36,-
2020,Naji Marshall,SF,8.70%,9.25,10.5,6'5.75'',6'7.00'',8'6.50'',233.5,7'0.75'',11.77,2.9,3.37,28.5,35,-
2020,Kenyon Martin Jr.,SF-PF,5.90%,8.5,8.75,6'6.00'',6'7.00'',8'6.00'',213.2,6'7.25'',11.93,2.58,3.16,31.5,38.5,-
2020,Skylar Mays,SG,7.40%,8,9.75,6'3.00'',6'4.00'',8'3.00'',204,6'6.00'',10.65,2.4,3.3,29,37.5,-
2020,Zeke Nnaji,PF-C,5.90%,9,10.5,6'9.25'',6'10.50'',8'9.50'',246.8,7'2.00'',10.94,2.72,3.2,33,38,-
2020,Jordan Nwora,SF-PF,11.68%,8.5,9.25,6'5.75'',6'7.00'',8'8.00'',223,6'10.25'',11.29,2.66,3.43,29,35,-
2020,Reggie Perry,PF-C,8.40%,9.25,11,6'8.25'',6'9.25'',8'10.50'',249.6,7'0.25'',11.26,2.57,3.25,30,33.5,-
2020,Myles Powell,PG-SG,15.80%,8,9,6'0.50'',6'1.50'',8'3.00'',194,6'7.00'',-,-,-,-,-,-
2020,Immanuel Quickley,SG,8.20%,8,8.75,6'2.00'',6'3.00'',8'3.00'',185.8,6'8.25'',11.21,2.46,3.17,29.5,35.5,-
2020,Jahmi'us Ramsey,SG,3.40%,8.75,9.75,6'2.50'',6'3.75'',8'4.50'',193.4,6'6.00'',-,-,-,-,-,-
2020,Paul Reed Jr.,PF,6.83%,9,8.75,6'8.50'',6'9.25'',9'1.50'',219.2,7'2.00'',12.29,2.67,3.45,26.5,37.5,-
2020,Nick Richards,C,8.50%,9,9,6'10.50'',6'11.50'',9'2.00'',241.6,7'2.25'',11.42,2.92,3.25,30,34,-
2020,Grant Riller,PG-SG,5.40%,8,8.5,6'0.25'',6'1.00'',8'0.50'',178.4,6'5.25'',11.17,2.45,3.07,32.5,39.5,-
2020,Jayden Scrubb,SG-SF,3.70%,8.25,9.75,6'5.00'',6'6.25'',8'8.50'',185.2,6'9.50'',-,-,-,-,-,-
2020,Jalen Smith,PF-C,3.70%,9.25,9.25,6'9.25'',6'10.25'',9'2.00'',224.6,7'2.25'',-,-,-,-,-,-
2020,Cassius Stanley,SG,5.80%,8.25,9,6'5.00'',6'6.25'',8'3.50'',201.6,6'7.00'',11.4,2.43,3.09,34.5,44,-
2020,Lamar Stevens,SF-PF,6.80%,8.5,9.75,6'5.75'',6'6.75'',8'5.00'',228,6'9.00'',10.35,2.54,3.2,35,41,-
2020,Isaiah Stewart,C,7.50%,9,10.5,6'7.25'',6'8.50'',9'0.50'',243,7'4.75'',-,-,-,-,-,-
2020,Tyrell Terry,PG,7.60%,7.5,8.25,6'1.50'',6'3.00'',8'0.00'',170,6'1.75'',10.78,2.59,3.28,30,34,-
2020,Killian Tillie,PF,12.43%,8.25,9.25,6'8.75'',6'10.00'',8'10.00'',221.6,6'8.00'',11.6,2.62,3.4,27.5,32,-
2020,Xavier Tillman Sr.,PF-C,8.50%,10.25,11,6'7.50'',6'8.50'',8'10.00'',266.5,7'2.00'',11.8,3.01,3.49,26,32.5,-
2020,Kaleb Wesson,C,12.50%,9,10.75,6'9.25'',6'10.25'',9'3.50'',252.6,7'3.50'',11.73,2.64,3.6,21.5,27,-
2020,Kahlil Whitney,SF,5.30%,9.25,10.25,6'5.50'',6'7.00'',8'9.50'',205,7'0.25'',11.17,2.61,3.28,29,39,-
2020,Cassius Winston,PG,9.00%,8.75,8.25,6'0.50'',6'1.50'',8'1.00'',196,6'6.00'',11.15,2.74,3.61,24,28,-
2020,Robert Woodard II,SF,4.50%,9,10.75,6'5.50'',6'7.00'',8'9.50'',230.2,7'2.00'',11.1,2.49,3.18,32,38,-
2021,Max Abmas,PG,5.50%,8,7.75,5'10.5'',5'11.75'',7'10.0'',161.8,6'1.75'',10.9,3.49,3.12,28.5,32.5,-
2021,Ochai Agbaji,SG,4.15%,9,8.75,6'4.5'',6'5.5'',8'7.5'',214.4,6'10.0'',10.88,3.1,3.13,32,41.5,-
2021,Marcus Bagley,SF,7.50%,8.75,8.5,6'6.0'',6'7.75'',8'6.5'',216.8,6'11.0'',12.26,3.1,3.17,32.5,38.5,-
2021,Scottie Barnes,SF,5.30%,9.25,10.25,6'7.0'',6'8.0'',9'0.0'',225.4,7'2.75'',10.88,2.99,3.15,36,39.5,-
2021,Charles Bassey,C,5.90%,9,9.5,6'9.25'',6'10.25'',8'11.5'',230.2,7'3.0'',12.19,3.33,3.13,33,36,-
2021,Brandon Boston Jr.,SF,6.00%,9,9.75,6'5.75'',6'7.0'',8'8.0'',188,6'10.75'',-,-,-,-,-,-
2021,James Bouknight,SG,5.50%,8.75,9,6'3.5'',6'4.75'',8'5.5'',190,6'8.25'',-,-,-,-,-,-
2021,Greg Brown III,PF,5.50%,9,9.75,6'7.25'',6'8.5'',8'11.0'',206.4,7'0.25'',10.98,2.98,3.19,33.5,39,-
2021,Jared Butler,PG,5.10%,8.5,8.25,6'2.25'',6'3.75'',8'2.5'',193,6'4.0'',-,-,-,-,-,-
2021,Julian Champagnie,SF,8.00%,9,8.5,6'6.5'',6'7.5'',8'10.5'',217.4,6'10.0'',12.38,3.2,3.2,26,32,-
2021,Justin Champagnie,PF,6.30%,8.75,8.5,6'5.75'',6'6.75'',8'8.0'',206.4,6'9.5'',11.94,3.14,3.34,27,35,-
2021,Josh Christopher,SG,5.80%,8.75,8.5,6'3.25'',6'4.5'',8'5.0'',214.8,6'9.25'',11.32,3.3,3.14,29.5,37.5,-
2021,Sharife Cooper,PG,-%,-,-,,,,-,,-,-,-,-,-,-
2021,Cade Cunningham,PG,-%,-,-,,,,-,,-,-,-,-,-,-
2021,Ayo Dosunmu,SG,4.90%,8.5,8.75,6'3.5'',6'5.0'',8'6.0'',194.4,6'10.25'',11.51,3.27,3.23,27,33.5,-
2021,David Duke Jr.,SG,5.90%,8.5,9,6'4.25'',6'5.5'',8'6.5'',203.6,6'8.75'',11.21,3.19,3.08,30,39,-
2021,Kessler Edwards,PF,4.30%,8.5,8.25,6'7.0'',6'8.0'',8'10.0'',203,6'11.25'',11.3,3.38,3.25,28,37,-
2021,Luka Garza,C,11.70%,9,9.25,6'10.0'',6'11.25'',8'11.5'',242.8,7'1.5'',11.9,3.38,3.51,24,29.5,-
2021,RaiQuan Gray,PF,17.30%,9.25,9,6'6.5'',6'7.75'',8'9.0'',268.6,6'10.75'',11.69,3.3,3.25,26.5,31.5,-
2021,Jalen Green,SG,-%,-,-,,,,-,,-,-,-,-,-,-
2021,Quentin Grimes,SG,6.60%,8.5,10,6'4.0'',6'5.25'',8'5.0'',205,6'8.0'',11.09,3.33,3.07,30.5,38.5,-
2021,Sam Hauser,SF,7.90%,8.25,9,6'6.75'',6'8.0'',8'6.0'',217.4,6'9.25'',11.14,3.07,3.34,28.5,34.5,-
2021,Aaron Henry,SF,5.60%,8.5,9.25,6'4.5'',6'6.0'',8'7.5'',209.6,6'10.75'',11.68,3.18,3.07,29,35,-
2021,Ariel Hukporti,C,8.10%,9.5,9.5,6'10.75'',7'0.0'',9'3.5'',246,7'2.5'',12.2,3.53,3.12,24.5,31,-
2021,Matt Hurt,PF,15.20%,9,9,6'8.5'',6'9.5'',8'10.5'',232.4,6'9.5'',11.44,3.25,3.34,25.5,32.5,-
2021,Nah'Shon Hyland,SG,5.80%,8.75,9,6'2.0'',6'3.5'',8'5.5'',169,6'9.25'',10.53,3.17,3.1,26.5,34,-
2021,Isaiah Jackson,C,-%,-,-,,,,-,,-,-,-,-,-,-
2021,David Johnson,SG,7.50%,8.25,8.5,6'3.25'',6'4.75'',8'8.0'',202.8,6'10.5'',12.02,3.2,3.03,33,39,-
2021,Jalen Johnson,PF,4.50%,9.75,10.5,6'7.75'',6'9.25'',8'10.0'',209.6,7'0.25'',-,-,-,-,-,-
2021,Keon Johnson,SG,4.40%,8.5,9,6'3.5'',6'4.75'',8'1.0'',184.8,6'7.25'',11.45,3.2,3,41.5,48,-
2021,Carlik Jones,PG,4.50%,8.25,9,6'0.0'',6'1.0'',8'1.5'',173.6,6'5.0'',10.96,3.23,3.16,31.5,36,-
2021,Kai Jones,PF,4.70%,9,9.5,6'10.0'',6'11.5'',9'2.5'',221.4,7'1.75'',-,-,-,-,-,-
2021,Herbert Jones,SF,5.80%,8.5,9,6'6.0'',6'7.25'',8'10.0'',206.4,7'0.25'',11.02,3.17,3.25,28.5,36.5,-
2021,Johnny Juzang,SG,8.00%,8.5,9.5,6'5.5'',6'7.0'',8'4.5'',209,6'10.5'',11.13,3.08,3.13,31,36.5,-
2021,Corey Kispert,SF,6.80%,8.75,10,6'6.0'',6'7.25'',8'6.0'',223.8,6'7.0'',10.91,2.99,3.12,30,37.5,-
2021,Jonathan Kuminga,SF,-%,-,-,,,,-,,-,-,-,-,-,-
2021,AJ Lawson,SG-SF,4.40%,8.5,9.25,6'5.5'',6'6.75'',8'3.5'',179.2,6'6.75'',11,3.01,2.98,33,41,-
2021,Scottie Lewis,SF,4.70%,8.75,9.75,6'4.0'',6'5.25'',8'5.5'',187.6,7'0.0'',10.45,3.03,2.98,34,42,-
2021,Isaiah Livers,SF,9.40%,9,9.5,6'5.75'',6'7.25'',8'8.5'',231.8,6'9.25'',-,-,-,-,-,-
2021,Makur Maker,C,14.50%,8.75,9.5,6'10.25'',6'11.25'',9'4.0'',232.2,7'1.75'',11.87,3.28,3.34,25.5,31,-
2021,Sandro Mamukelashvili,C,7.80%,9,9.5,6'9.0'',6'10.0'',8'10.5'',239.8,7'1.25'',11.63,3.3,3.21,30.5,36.5,-
2021,Tre Mann,PG,4.10%,8,9,6'3.25'',6'4.25'',8'2.5'',177.6,6'4.0'',-,-,-,-,-,-
2021,Matthew Mayer,PF,-%,-,-,,,,-,,-,-,-,-,-,-
2021,Miles McBride,PG,6.00%,9,9.5,6'1.0'',6'2.5'',8'3.5'',195.2,6'8.75'',11.08,3.13,3.1,31,38.5,-
2021,Davion Mitchell,PG,6.20%,8.25,8.75,6'0.0'',6'1.25'',8'0.5'',202.4,6'4.25'',-,-,-,-,-,-
2021,Evan Mobley,PF,-%,-,-,,,,-,,-,-,-,-,-,-
2021,Isaiah Mobley,PF,12.90%,9,10,6'8.0'',6'9.75'',8'11.5'',238,7'3.0'',12.7,3.5,3.3,26.5,32,-
2021,Moses Moody,SG,6.80%,9,10,6'4.5'',6'6.0'',8'9.0'',210.6,7'0.75'',-,-,-,-,-,-
2021,Trey Murphy III,SF,8.10%,8.5,9,6'7.5'',6'9.25'',8'9.5'',206,7'0.0'',11.65,3.32,3.14,34,38,-
2021,Daishen Nix,PG,11.80%,8.5,9,6'3.0'',6'4.25'',8'4.0'',225.6,6'6.75'',11.72,3.18,3,29.5,36.5,-
2021,John Petty Jr.,SG,5.60%,8.5,9,6'4.5'',6'5.75'',8'7.5'',186.2,6'9.5'',11.51,3.17,3.35,27.5,34,-
2021,Yves Pons,PF,4.00%,9,9.25,6'5.5'',6'6.75'',8'8.0'',206.4,7'0.75'',10.89,3.05,3.1,36,42.5,-
2021,Jason Preston,PG,5.45%,8.5,9.25,6'3.0'',6'4.0'',8'4.5'',180.6,6'8.5'',10.82,3.08,3.13,30.5,38.5,-
2021,Joshua Primo,SG,6.30%,9,10,6'4.0'',6'5.0'',8'6.5'',189,6'9.25'',10.97,3.36,3.22,30.5,37.5,-
2021,Roko Prkacin,PF,7.00%,8.75,9.25,6'7.5'',6'9.25'',8'11.0'',225.4,6'11.0'',-,-,-,-,-,-
2021,Neemias Queta,C,7.60%,9.25,10.5,6'11.25'',7'0.5'',9'4.5'',248.4,7'4.0'',11.85,3.5,3.29,27,33,-
2021,Austin Reaves,SG,11.00%,8,8.25,6'4.5'',6'5.75'',8'5.0'',197.2,6'6.25'',10.94,3.19,3.07,25,35,-
2021,Jeremiah Robinson-Earl,PF,8.90%,9,9.75,6'7.75'',6'9.0'',8'9.5'',242.4,6'9.75'',11.64,3.15,3.29,27,32,-
2021,Terrence Shannon Jr.,SF,6.70%,8,8,6'5.5'',6'6.5'',8'4.0'',206.6,6'8.25'',11.51,3.12,3.21,32.5,39.5,-
2021,Day'Ron Sharpe,C,-%,-,-,,,,-,,-,-,-,-,-,-
2021,Jericho Sims,C,5.50%,9,9.75,6'9.0'',6'10.0'',8'10.0'',250.2,7'3.25'',11.59,3.38,3.05,37,44.5,-
2021,Jaden Springer,SG,6.30%,8.5,9.75,6'3.0'',6'4.25'',8'3.0'',202,6'7.75'',11.46,3.1,3.13,34.5,41.5,-
2021,DJ Steward,PG,5.00%,8.5,9,6'0.75'',6'1.75'',8'2.5'',162.2,6'7.0'',11.14,3.1,3.08,34.5,38.5,-
2021,Cam Thomas,SG,-%,-,-,,,,-,,-,-,-,-,-,-
2021,JT Thor,PF,6.10%,9.25,9.5,6'8.5'',6'9.25'',9'2.0'',203,7'3.25'',12.19,3.08,3.06,31.5,35,-
2021,Isaiah Todd,PF,6.20%,9,9.75,6'8.75'',6'10.0'',8'11.5'',219,7'1.25'',11.38,3.25,3.31,28.5,35.5,-
2021,Duane Washington Jr.,SG,5.10%,8.25,8.75,6'2.25'',6'3.75'',8'5.0'',196.8,6'7.75'',11.5,3.06,3.17,29.5,35.5,-
2021,Trendon Watford,PF,10.10%,9.5,9.5,6'7.5'',6'8.75'',8'9.0'',237.4,7'2.25'',11.69,3.23,3.27,28,35,-
2021,Joe Wieskamp,SF,4.10%,8.5,9.25,6'5.75'',6'7.25'',8'7.0'',204.8,6'11.0'',10.7,3.18,3.04,30,42,-
2021,Aaron Wiggins,SG-SF,5.00%,8.75,8.5,6'4.5'',6'5.0'',8'7.0'',190,6'9.75'',11.2,3,3.04,29.5,36,-
2021,Ziaire Williams,SF,4.40%,9,8.75,6'8.25'',6'9.75'',8'10.5'',188.4,6'10.25'',10.69,3.04,3.12,34,39.5,-
2021,Moses Wright,PF,5.60%,9,9.5,6'7.75'',6'9.0'',8'11.0'',225.8,7'0.75'',11.2,3.42,3.15,31.5,38,-
2021,McKinley Wright IV,PG,6.70%,8.5,9,5'11.25'',6'0.25'',7'10.0'',192.2,6'5.25'',10.76,3.12,3.08,31.5,38,-
2021,Marcus Zegarowski,PG,7.20%,8,9.5,6'0.75'',6'2.0'',8'0.0'',180.8,6'2.75'',11.47,3.26,3.11,30,35.5,-
2022,Ochai Agbaji,SG,5.40%,8.75,9.5,6' 4.50'',6' 5.75'',8' 8.00'',216.8,6' 10.25'',10.77,3.11,3.13,32,39,-
2022,Patrick Baldwin Jr.,SF,8.90%,8.75,9.5,6' 9.25'',6' 10.25'',9' 2.50'',230.8,7' 1.75'',12.25,3.3,3.45,23.5,26.5,-
2022,Paolo Banchero,PF,-%,-,-,,,,-,,-,-,-,-,-,-
2022,Dominick Barlow,PF,5.90%,9,10.5,6' 8.75'',6' 9.75'',9' 0.50'',221,7' 3.00'',11.29,3.19,3.33,28.5,34,-
2022,MarJon Beauchamp,SG,5.30%,9,9,6' 5.25'',6' 6.50'',8' 10.00'',196.6,7' 0.75'',-,-,-,-,-,-
2022,Hugo Besson,SG,8.80%,7.5,8.5,6' 4.50'',6' 5.75'',8' 6.00'',180.4,6' 5.50'',11.36,3.25,3.4,24.5,31.5,-
2022,Malaki Branham,SG,6.10%,8.5,9.75,6' 4.00'',6' 5.50'',8' 6.50'',194.8,6' 10.00'',11.38,3.09,3.17,29,35,-
2022,Christian Braun,SG,6.20%,8,8.5,6' 5.50'',6' 7.00'',8' 3.50'',209.2,6' 6.50'',11,3.13,3.16,33.5,40,-
2022,Kendall Brown,SF,4.90%,9,9,6' 6.25'',6' 7.50'',8' 7.00'',201.2,6' 11.00'',11.57,3.05,3.29,31.5,41,-
2022,John Butler Jr.,PF,4.70%,8.5,8.75,6' 11.75'',7' 0.75'',9' 4.00'',174.4,7' 2.25'',11.16,3.04,3.33,26.5,28.5,-
2022,Julian Champagnie,SF,7.10%,8.75,9.25,6' 6.25'',6' 7.75'',8' 11.00'',212.4,6' 10.00'',11.39,3.04,3.14,28.5,34.5,-
2022,Kennedy Chandler,PG,4.40%,8.5,9.5,5' 11.50'',6' 0.50'',8' 1.00'',172.2,6' 5.25'',10.73,2.89,-,31,41.5,-
2022,Max Christie,SG,4.80%,8,8.5,6' 4.25'',6' 5.75'',8' 6.50'',189.2,6' 8.75'',10.82,3.02,3.07,32,37.5,-
2022,Kofi Cockburn,C,8.20%,9.75,10.25,6' 11.00'',7' 0.00'',9' 2.50'',293,7' 4.25'',12.11,3.31,3.33,29.5,32.5,-
2022,Dyson Daniels,SG,4.90%,8.5,9.75,6' 6.00'',6' 7.50'',8' 9.00'',195.2,6' 10.50'',10.81,2.81,3.22,29,34,-
2022,Johnny Davis,PG,6.70%,8.5,10.25,6' 4.25'',6' 5.75'',8' 7.50'',196.4,6' 8.50'',-,-,-,-,-,-
2022,JD Davison,PG,7.80%,8.5,9.5,6' 0.50'',6' 2.50'',8' 3.50'',191.8,6' 6.50'',11.38,3.23,3.26,30,37,-
2022,Darius Days,SF-PF,-%,-,-,,,,-,,-,-,-,-,-,-
2022,Moussa Diabate,C,2.70%,8.5,10.5,6' 9.25'',6' 10.25'',9' 1.50'',216.6,7' 2.50'',11.16,2.9,3.26,29,36.5,-
2022,Ousmane Dieng,SF,-%,-,-,,,,-,,-,-,-,-,-,-
2022,Khalifa Diop,C,-%,-,-,,,,-,,-,-,-,-,-,-
2022,Jalen Duren,C,-%,-,-,,,,-,,-,-,-,-,-,-
2022,Tari Eason,PF,5.90%,9.25,11,6' 6.75'',6' 8.00'',8' 11.50'',217.4,7' 2.00'',-,-,-,-,-,-
2022,Keon Ellis,SG,3.80%,8,9.25,6' 3.50'',6' 4.75'',8' 6.00'',167.4,6' 8.50'',10.87,3.02,3.18,28,35.5,-
2022,Michael Foster Jr.,C,6.20%,8.75,10,6' 7.75'',6' 9.25'',9' 1.50'',236.6,7' 0.25'',11.49,3.1,3.22,28,32.5,-
2022,Collin Gillespie,PG,8.60%,8.25,9,6' 1.50'',6' 2.75'',8' 2.00'',195.8,6' 4.00'',10.95,3.01,3.21,26.5,33,-
2022,AJ Griffin,SF,-%,-,-,,,,-,,-,-,-,-,-,-
2022,Jaden Hardy,SG,-%,-,-,,,,-,,-,-,-,-,-,-
2022,Ron Harper Jr.,SF,14.30%,9.5,10,6' 4.00'',6' 5.50'',8' 9.50'',240.4,7' 1.25'',11.41,3.24,3.4,26,30.5,-
2022,Chet Holmgren,PF,-%,-,-,,,,-,,-,-,-,-,-,-
2022,Harrison Ingram,SF,8.30%,9,10,6' 5.25'',6' 7.00'',8' 7.50'',232.8,7' 0.25'',11.83,3.26,3.31,29.5,35,-
2022,Jaden Ivey,PG,-%,-,-,,,,-,,-,-,-,-,-,-
2022,Trayce Jackson-Davis,C,-%,-,-,,,,-,,-,-,-,-,-,-
2022,Nikola Jovic,SF,7.40%,8.75,9.75,6' 9.50'',6' 11.00'',9' 0.50'',222.6,7' 0.25'',-,-,-,-,-,-
2022,Johnny Juzang,SG,7.50%,8.5,9.5,6' 5.25'',6' 6.50'',8' 6.50'',208.6,6' 11.00'',11.03,3.17,3.29,27.5,32.5,-
2022,Ismael Kamagate,PF,-%,-,-,,,,-,,-,-,-,-,-,-
2022,Trevor Keels,SG,13.50%,8.25,9,6' 3.25'',6' 4.75'',8' 5.00'',223.8,6' 7.25'',11.33,3.32,3.27,24.5,31,-
2022,Walker Kessler,C,14.70%,8.5,8.5,7' 0.25'',7' 1.00'',9' 5.00'',256,7' 4.25'',-,-,-,-,-,-
2022,Christian Koloko,C,5.70%,9,10.75,6' 10.75'',7' 0.00'',9' 5.00'',221,7' 5.25'',11.3,3.19,3.27,28,33.5,-
2022,Jake LaRavia,PF,9.00%,8.5,10.25,6' 6.75'',6' 8.00'',8' 8.00'',227.2,6' 9.50'',10.58,2.89,3.37,27.5,34,-
2022,Justin Lewis,PF,7.30%,9,10.5,6' 6.25'',6' 7.50'',8' 9.50'',235.4,7' 2.50'',11.49,3.02,3.23,32.5,35,-
2022,E.J. Liddell,PF,12.20%,8.25,9.25,6' 5.50'',6' 7.00'',8' 7.50'',243,6' 11.75'',11.11,3.23,3.26,35.5,38,-
2022,Kenneth Lofton Jr.,PF-C,-%,-,-,,,,-,,-,-,-,-,-,-
2022,Tyrese Martin,SG-SF,-%,-,-,,,,-,,-,-,-,-,-,-
2022,Bennedict Mathurin,SG,5.70%,8.5,9.75,6' 4.50'',6' 6.00'',8' 8.00'',204.6,6' 9.00'',-,-,-,-,-,-
2022,Matthew Mayer,SF,11.10%,9,10.25,6' 8.00'',6' 9.25'',8' 9.00'',216.4,6' 10.50'',10.74,-,3.39,25.5,31.5,-
2022,Bryce McGowens,SG,5.40%,8.75,9.5,6' 5.25'',6' 6.50'',8' 7.50'',181.2,6' 8.75'',11.12,3.16,3.27,29.5,34,-
2022,Leonard Miller,SF,5.70%,9.25,10.5,6' 8.50'',6' 10.00'',8' 10.50'',211,7' 2.00'',11.11,3.02,3.36,30,36.5,-
2022,Josh Minnott,PF,-%,-,-,,,,-,,-,-,-,-,-,-
2022,Aminu Mohammed,SG-SF,5.10%,8.75,9.5,6' 3.50'',6' 5.00'',8' 8.00'',212.8,6' 11.00'',11.54,3.04,3.33,29.5,36,-
2022,Iverson Molinar,PG,4.80%,8.5,9.5,6' 2.25'',6' 3.25'',8' 5.00'',183.2,6' 8.00'',11.23,3.1,3.19,31,38,-
2022,Jean Montero,PG,7.40%,8,8.75,6' 1.00'',6' 2.25'',8' 2.50'',171.8,6' 5.25'',11.19,3.17,3.17,29.5,37,-
2022,Wendell Moore,SG,7.50%,8.75,10.25,6' 4.25'',6' 5.50'',8' 5.00'',217.2,7' 0.50'',10.94,3.21,3.3,32.5,38.5,-
2022,Keegan Murray,PF,-%,-,-,,,,-,,-,-,-,-,-,-
2022,Andrew Nembhard,PG,4.40%,8,9.5,6' 3.00'',6' 4.50'',8' 3.00'',195.6,6' 5.75'',10.46,3.02,3.26,26.5,35,-
2022,Scotty Pippen Jr.,PG,5.30%,7.75,9,6' 0.00'',6' 1.50'',7' 11.50'',180,6' 5.75'',11.07,3.1,3.21,30.5,37.5,-
2022,Gabriele Procida,SG-SF,3.80%,8,9.25,6' 5.75'',6' 7.75'',8' 10.00'',192.8,6' 8.00'',11.02,3.14,3.07,29.5,35,-
2022,Jared Rhoden,SG-SF,-%,-,-,,,,-,,-,-,-,-,-,-
2022,Orlando Robinson,C,9.50%,8.75,10,6' 9.75'',6' 11.00'',9' 3.00'',244.4,7' 4.00'',11.4,3.23,3.55,23,27.5,-
2022,David Roddy,PF,11.60%,8.75,10,6' 4.50'',6' 6.00'',8' 9.00'',260.8,6' 11.50'',10.75,3.1,3.22,27,35.5,-
2022,Ryan Rollins,SG,5.00%,8,8.5,6' 2.00'',6' 3.25'',8' 4.50'',179.2,6' 9.75'',11.26,3.28,3.07,30.5,36.5,-
2022,Marcus Sasser,PG,-%,-,-,,,,-,,-,-,-,-,-,-
2022,Dereon Seabron,SG,4.00%,8.5,9.5,6' 4.75'',6' 5.75'',8' 7.50'',182.4,6' 8.75'',11.03,3.04,3.12,30.5,38,-
2022,Shaedon Sharpe,SG,4.80%,9,9.25,6' 4.25'',6' 5.25'',8' 7.50'',198,6' 11.50'',-,-,-,-,-,-
2022,Terquavion Smith,SG,3.80%,8.5,8,6' 2.25'',6' 3.75'',8' 2.00'',165.2,6' 6.50'',10.63,3.03,3.14,30.5,38.5,-
2022,Jabari Smith,PF,-%,-,-,,,,-,,-,-,-,-,-,-
2022,Jeremy Sochan,PF,-%,-,-,,,,-,,-,-,-,-,-,-
2022,Matteo Spagnolo,PG,8.60%,8.25,10,6' 4.00'',6' 5.50'',8' 6.00'',196.2,6' 8.00'',11.42,3.16,3.4,25.5,31.5,-
2022,Julian Strawther,SF,7.90%,8.25,8.5,6' 5.75'',6' 7.00'',8' 8.50'',207.6,6' 9.50'',10.3,3.37,3.26,28.5,35,-
2022,Dalen Terry,SG,5.40%,8.5,9,6' 6.00'',6' 7.25'',8' 10.00'',195.2,7' 0.75'',-,-,-,-,-,-
2022,Drew Timme,C,15.70%,9,10,6' 8.25'',6' 9.25'',8' 11.50'',231.6,7' 2.00'',11.71,3.31,3.38,25.5,31.5,-
2022,Jabari Walker,PF,12.10%,8.75,9.75,6' 6.75'',6' 8.00'',8' 9.00'',213.8,6' 10.75'',11.53,3.12,3.24,29.5,32.5,-
2022,TyTy Washington Jr.,SG,12.00%,8.5,9.25,6' 2.25'',6' 3.75'',8' 3.50'',196.4,6' 8.00'',-,-,-,-,-,-
2022,Peyton Watson,SF,5.20%,8.5,9.5,6' 6.75'',6' 8.00'',8' 11.50'',203.4,7' 0.50'',11.03,3.24,3.28,28,33.5,-
2022,Blake Wesley,SG,5.60%,8.25,9,6' 3.00'',6' 4.25'',8' 7.00'',187.2,6' 9.25'',11.55,3.25,3.21,30,36,-
2022,Alondes Williams,SG,7.20%,8.5,9.25,6' 3.75'',6' 5.00'',8' 6.00'',209,6' 7.00'',10.96,3.11,3.15,30,35.5,-
2022,Jalen Williams,SG,8.90%,8.5,9.5,6' 4.50'',6' 5.75'',8' 9.50'',209.2,7' 2.25'',11.13,3.17,3.11,33.5,39,-
2022,Jaylin Williams,C,8.00%,8.5,10.5,6' 8.75'',6' 10.00'',9' 0.50'',236.6,7' 1.00'',11.64,3.1,3.5,24.5,30,-
2022,Trevion Williams,C,10.80%,9,10.25,6' 7.25'',6' 8.75'',9' 0.50'',264.6,7' 2.75'',12.75,3.46,3.48,27.5,30,-
2022,Bryson Williams,PF-C,-%,-,-,,,,-,,-,-,-,-,-,-
2022,Mark Williams,C,5.40%,9,9.75,7' 0.00'',7' 2.00'',9' 9.00'',242.4,7' 6.50'',-,-,-,-,-,-
2022,Jalen Wilson,SF-PF,-%,-,-,,,,-,,-,-,-,-,-,-
2022,Fanbo Zeng,SF-PF,-%,-,-,,,,-,,-,-,-,-,-,-